link,titleText,citeTag,caption,pcmatic & number in caption  (pc.?matic).*\d{3}.*\d{3}.*\d{4}|maticpc,"pcm in caption  pc.?matic""",suscpicous link  support|number|pc.?matic|matic,review|bbb.org|amazon.com|pcpitstop.com|linkedin.com in link                            excude list,PC Matic in link or number
https://br.advfn.com/forum/advfn/20796162/1,Pc Matic +1-888-[834]-4926 Customer Care Phone Number ...,https://br.advfn.com/forum/advfn/20796162,https://br.advfn.com/forum/advfn/207961621 day ago¬†¬∑ PC MATIC +1-888-[834]- 4926 support Number | PC MATIC Customer Service Number | PC MATIC Customer Care Number | PC MATIC ‚Ä¶,TRUE,TRUE,FALSE,FALSE,FALSE
https://www.youtube.com/watch?v=wSP0UGZXExg,PC Matic Assist Number - YouTube,https://www.youtube.com/watch?v=wSP0UGZXExg,https://www.youtube.com/watch?v=wSP0UGZXExgPC Matic Assist Number ‚òé+1-(925)-267-8761. PC Matic How-to Videos. PC Matic is a gathering of various progressions under one hood and one made arrangement: s...,TRUE,TRUE,FALSE,FALSE,FALSE
https://community.agriculture.com/t5/Beginning-Farmers/PC-matic-support-865-272-85-82-customer-service-Phone-Number/td-p/826861,PC matic support üê∂865‚®û272‚®û85‚Äù82 üê∂ customer servi ...,https://community.agriculture.com/t5/Beginning...,"https://community.agriculture.com/t5/Beginning...Nov 20, 2021¬†¬∑ PC matic support üê∂865‚®û272‚®û85‚Äù82 üê∂ customer service Phone Number OPSHAHJI",FALSE,TRUE,TRUE,FALSE,TRUE
https://techysupports.blogspot.com/,Techy Support 1-855-774-4686,https://techysupports.blogspot.com,"https://techysupports.blogspot.comJun 26, 2019¬†¬∑ PC Matic Antivirus Software is known as security provider to your system and with its special while-list technology. Boost your personal computer, further no another weapon that can compete with PC Matic. Though, Sometimes a lot of people complains that when the use or run a certain program in their system, then the PC Matic stops running or ...",FALSE,TRUE,TRUE,FALSE,FALSE
https://www.shoppok.com/contact-number-sp3,Contact Number - Classifieds - Shoppok - Page 3,https://www.shoppok.com/contact-number-sp3,"https://www.shoppok.com/contact-number-sp3PC Matic Contact Number ‚òé+1-(210)-591-8710. Contact PC Matic customer care. You can call at PC Matic phone number, make an email, balance a contact structure on their site www.PC Matic. PC Matic is an American-made antivirus that gives when in doubt security assurance utilizing best whitelisting headway over help upset ransomware.",TRUE,TRUE,TRUE,FALSE,FALSE
https://sophoscontectnumber.blogspot.com/,techysupport,https://sophoscontectnumber.blogspot.com,"https://sophoscontectnumber.blogspot.comOct 15, 2018¬†¬∑ PC Matic Customer Service or pc matic number was introduced in the market in a number of solutions, a popular trusted name is known as PC Wright, which validates risk elements and keeps your computer / PC / laptop/tablet safe ‚Ä¶",FALSE,TRUE,TRUE,FALSE,FALSE
https://www.shoppok.com/computer-services-cg/looking-for-it-support-sp,Looking For It Support - Computer Services - Shoppok,https://www.shoppok.com/computer-services-cg/looking-for-it-support-sp,https://www.shoppok.com/computer-services-cg/looking-for-it-support-spPC Matic Help Number ‚òé+1-(925)-267-8761. The best technique to Get PC Matic Support Recently it has been drawn out from the shadows there are a couple of one of a kind associations and sponsorship affiliations that are claiming to offer specific assistance. Contact PC Matic to get some information about PC Matic Pro - the fundamental American-made internet based ‚Ä¶,TRUE,TRUE,TRUE,FALSE,FALSE
https://pages.rediff.com/getlinks/zonealarm-antivirus-customer-service-number/2155682,Rediff Pages: zonealarm antivirus customer service number ...,https://pages.rediff.com/getlinks/zonealarm...,"https://pages.rediff.com/getlinks/zonealarm...Jul 22, 2017 zonealarm antivirus customer service number has shared the link. PC Matic Antivirus Customer Service 1-855-212-2247 Support Contact Details. PC Matic Antivirus Contact info- here you can find PC Matic Antivirus Customer Service and Support Phone Helpline Number.",TRUE,TRUE,TRUE,FALSE,FALSE
https://www.ram-trx.com/threads/tollfree-%F0%9D%9F%8F-%F0%9D%9F%96%F0%9D%9F%8E%F0%9D%9F%8E-%F0%9D%9F%97%F0%9D%9F%95%F0%9D%9F%90-%F0%9D%9F%96%F0%9D%9F%96-%F0%9D%9F%90%F0%9D%9F%8E-icloud-tech-support-phone-number-rft.7781/,TOLLFREE ùüè(ùüñùüéùüé)~ùüóùüïùüê= ùüñùüñ.ùüêùüé ICLOUD TECH SUPPORT :: PHONE ...,https://www.ram-trx.com/threads/tollfree-%F0%9D%9F...,"https://www.ram-trx.com/threads/tollfree-%F0%9D%9F...Feb 02, 2022¬†¬∑ PC MATIC Other ways of Checking for ICLOUD Number You can also check out the ICLOUD forums. There are many ICLOUD forums dedicated to discussing all sorts of issues regarding ICLOUD products, including ICLOUD numbers. You may find a contact form in one of these forums if you cannot find a support number in the above methods.",FALSE,TRUE,TRUE,FALSE,FALSE
https://medium.com/tag/pc-matic-support/latest,Latest stories and news about Pc Matic Support ‚Äì Medium,https://medium.com/tag/pc-matic-support/latest,"https://medium.com/tag/pc-matic-support/latestHow to Install PC Matic with License Key. In order to activate PC Matic on your Computer, first we begin with downloading of PC Matic by : 1. Visiting PC Matic official website. 2. Chose ...",FALSE,TRUE,TRUE,FALSE,TRUE
https://medium.com/tag/pc-matic-support/archive,Archive of stories about Pc Matic Support ‚Äì Medium,https://medium.com/tag/pc-matic-support/archive,https://medium.com/tag/pc-matic-support/archivePc Matic Support (Toll Free) +1-888‚Äì813‚Äì3598. PC Matic Support Number +1‚Äì888‚Äì813‚Äì3598 Toll-Free Helpline For Support & Customer Service,TRUE,TRUE,TRUE,FALSE,TRUE
https://pcmatidpcfixre.blogspot.com/,Fix Error PC matid,https://pcmatidpcfixre.blogspot.com,"https://pcmatidpcfixre.blogspot.comOct 07, 2020¬†¬∑ PC Matic Won't Open on Windows PC pc matic support phone number Won't Open on Windows PC pc matic support phone number is known as the security supplier for the PC framework with its novel white rundown procedure. To upgrade your PC, there is no different antivirus which can contend with pc matic support phone number.",FALSE,TRUE,FALSE,FALSE,TRUE
https://howtowritebestarticle.blogspot.com/,How to write best article,https://howtowritebestarticle.blogspot.com,"https://howtowritebestarticle.blogspot.comOct 05, 2020¬†¬∑ PC MATIC Technical Support Phone Number ‚Äì PC MATIC (is one of the biggest brands in United States. The Company is offering its services to the industries including Media, web search engine, IT products, and manufacturing of various tech peripherals. The company is offering web E service namely PC MATIC 0 E for the users across the world.",FALSE,TRUE,FALSE,FALSE,FALSE
https://www.dell.com/community/Removed-Posts/1-866-97I-2778-PC-MATIC-TECH-Support-Phone-Number-PC-MATIC/td-p/7901849,Submit Form - dell.com,https://www.dell.com/community/Removed-Posts/1-866...,https://www.dell.com/community/Removed-Posts/1-866...Enter the email address associated with your account and click Reset Password.We'll email you a link to reset your password.,FALSE,FALSE,TRUE,FALSE,TRUE
https://math.answers.com/Q/What_number_can_go_into_7_evenly,What number can go into 7 evenly? - Answers,https://math.answers.com/Q/What_number_can_go_into_7_evenly,"https://math.answers.com/Q/What_number_can_go_into_7_evenlyNov 29, 2010¬†¬∑ PC Matic Support Number ‚òé+1-(850)-387-233l? Asked By mick milton. Contact PC Matic Support ‚òé+1-(850)-387-233l? Asked By mick milton. PC Matic Help Number ‚òé+1-(850)-387-233l? Asked By mick milton. 60 is 80% of what number? Asked By Anne Monique Dimalibot. what is the scale factor from ABC to DEF? ...",FALSE,TRUE,TRUE,FALSE,FALSE
https://www.answers.com/Q/Who_is_the_woman_in_the_current_PC_matic_commercial,Who is the woman in the current PC matic commercial ...,https://www.answers.com/Q/Who_is_the_woman_in_the...,"https://www.answers.com/Q/Who_is_the_woman_in_the...Nov 18, 2011¬†¬∑ For more information, please contact PC matic phone number +1 210 591 8710. Here's a PC Matic support team will help you with the ‚Ä¶",TRUE,TRUE,TRUE,FALSE,TRUE
https://www.eworldtrade.com/importers/pc-power-supplies-buyer/,"PC Power Supplies : Importers, Buyers, Wholesalers and ...",https://www.eworldtrade.com/importers/pc-power-supplies-buyer,"https://www.eworldtrade.com/importers/pc-power-supplies-buyerDec 08, 2017¬†¬∑ 27 Jan, 2022 PC MATIC Toll Free<>*1*866*971^2778*<> Number Customer Support Number. PC MATIC Toll Free*1*866*971^2778* Number Customer Support Number Toll free number * Customer Service Number #2048*-49 SuPPORT number @rippleXRP Customer Support technical knowledge and supportive nature of the person ending it that ‚Ä¶",TRUE,TRUE,FALSE,FALSE,TRUE
https://dengenchronicles.com/who-is-the-girl-on-pc-matic-commercial/,Who is the girl on PC Matic commercial? ‚Äì dengenchronicles.com,https://dengenchronicles.com/who-is-the-girl-on-pc-matic-commercial,"https://dengenchronicles.com/who-is-the-girl-on-pc-matic-commercialOct 26, 2020¬†¬∑ For more information, please contact PC matic phone number +1 210 591 8710. Here‚Äôs a PC Matic support team will help you with the problems. Issues for PC Matic Antivirus facing by users. PC Matic computer freeze on screen; PC Matic ads are not being able to ‚Ä¶",TRUE,TRUE,TRUE,FALSE,TRUE
https://www.answers.com/Q/Who_is_the_guy_in_the_PC_matic_commercial,Who is the guy in the PC matic commercial? - Answers,https://www.answers.com/Q/Who_is_the_guy_in_the_PC_matic_commercial,"https://www.answers.com/Q/Who_is_the_guy_in_the_PC_matic_commercialJun 03, 2012¬†¬∑ For more information, please contact PC matic phone number +1 210 591 8710. Here's a PC Matic support team will help you with the ‚Ä¶",TRUE,TRUE,TRUE,FALSE,TRUE
http://media.wcyb.com/pc-matic-deepteep.html,Pc Matic Deepteep - how to install pc matic full setup ...,media.wcyb.com/pc-matic-deepteep.html,"media.wcyb.com/pc-matic-deepteep.htmlFeb 16, 2022¬†¬∑ Pc Matic Deepteep. Here are a number of highest rated Pc Matic Deepteep pictures upon internet. We identified it from reliable source. Its submitted by admin in the best field. We take on this nice of Pc Matic Deepteep graphic could possibly be the most trending topic past we share it in google help or facebook.",FALSE,TRUE,TRUE,FALSE,TRUE
https://www.zoominfo.com/c/pc-matic-inc/511851966,"PC Matic - Overview, News & Competitors | ZoomInfo.com",https://www.zoominfo.com/c/pc-matic-inc/511851966,"https://www.zoominfo.com/c/pc-matic-inc/511851966MYRTLE BEACH, S.C., Oct. 5, 2021 /PRNewswire/ -- As ransomware attacks surge globally, Australians are choosing PC Matic's application whitelisting to proactively stop ransomware. PC Matic announced technical and sales support for its business product line, PC Matic Pro and PC Matic MSP, during Australian business hours.",TRUE,TRUE,TRUE,FALSE,TRUE
https://www.eworldtrade.com/importers/tablets-pc-buyer/,"Tablets pc : Importers, Buyers, Wholesalers and Purchase ...",https://www.eworldtrade.com/importers/tablets-pc-buyer,"https://www.eworldtrade.com/importers/tablets-pc-buyer27 Nov, 2021 PC MATIC Toll Free<>*1*866*971^2778*<> Number Customer Support Number. PC MATIC Toll Free*1*866*971^2778* Number Customer Support Number Toll free number * Customer Service Number #2048*-49 SuPPORT number @rippleXRP Customer Support technical knowledge and supportive nature of the person ending it that goes many a ‚Ä¶",TRUE,TRUE,FALSE,FALSE,TRUE
https://etsies.blogspot.com/,Pressed real dried flower phone case,https://etsies.blogspot.com,"https://etsies.blogspot.comMar 29, 2021¬†¬∑ pc matic support number hitmanpro support system-mechanic support. The stamen is the male reproductive organ. It consists of a pollen sac (anther) and a long supporting filament. This filament holds the anther in position, making the pollen available for dispersal by wind, insects, or pc matic support number hitmanpro support system-mechanic ...",FALSE,TRUE,FALSE,FALSE,FALSE
https://www.reddit.com/user/West_Anxiety90/,overview for West_Anxiety90,https://www.reddit.com/user/West_Anxiety90,"https://www.reddit.com/user/West_Anxiety90PC MATIC Technical Support Number-ùüè-ùüñùüéùüé‚â†ùüêùüñùüé‚â†ùüìùüêùüóùüí Phone Number PC MATIC Contact Number $#2021+20211@#&#@"",>> (self.West_Anxiety90) submitted 1 month ago by West_Anxiety90",TRUE,TRUE,FALSE,FALSE,FALSE
https://directory.mspsuccessmagazine.com/usa/sioux-city/vendor/pc-matic,PC Matic - Vendor - Vendor,https://directory.mspsuccessmagazine.com/usa/sioux-city/vendor/pc-matic,"https://directory.mspsuccessmagazine.com/usa/sioux-city/vendor/pc-maticShow Phone Number. Call: 712-253-4641. Ask A Question. Rate This Vendor. MAKE A CONNECTION PC Matic is accepting messages: Ask A Question. Overview. About PC Matic. PC Matic MSP works diligently to not only provide the best endpoint security for your customers but delivers such in a way that is efficient for you, the MSP, by offering unique ...",TRUE,TRUE,TRUE,FALSE,TRUE
https://www.maticpcaccount.com/login.html,Matic PC Login My Account | Matic Login PC,https://www.maticpcaccount.com/login.html,"https://www.maticpcaccount.com/login.htmlLogin Matic PC account Login to access your panel of PC or Mac, from any device! My Account matic pc Login. Please enter your email address and password here, then ...",TRUE,FALSE,TRUE,FALSE,TRUE
https://www.maticpcaccount.com/,Matic PC Sign in My Account Login - Matic PC account,https://www.maticpcaccount.com,"https://www.maticpcaccount.comMatic pc login my account to access your panel from any device! My Account Sign in matic pc Login. Enter email id and password here, and click the 'Sign in'",TRUE,FALSE,TRUE,FALSE,TRUE
https://askbobrankin.com/comments_005692.php?page=4,Review: PC Matic Gets a Zero! - Comments Page 4,https://askbobrankin.com/comments_005692.php?page=4,"https://askbobrankin.com/comments_005692.php?page=4Jan 04, 2021¬†¬∑ Posted by: PC MATIC CUSTOMER` SERVICE ¬Æ(850~400~8234) ¬Æ Phone Number ANTIVIRUS Care Support Helpdesk 16 Jun 2021. How to Contact PC Matic Support Service +1 850-400-8234? There are many ways by which you may contact the official support team of PC Matic as given below.",TRUE,TRUE,FALSE,FALSE,FALSE
https://www.eventlooking.com/pc-matic-reinstall,Pc Matic Reinstall - Discover The Best Events Near You,https://www.eventlooking.com/pc-matic-reinstall,"https://www.eventlooking.com/pc-matic-reinstallPC Matic¬Æ with SuperShield for the Best Computer Security ... best www.pcmatic.com. PC Matic uses a whitelist based protection to defeat the fake virus scam. These websites always popup a phone number, and PC Matic blocks any website that shows a phone number inside a pop-up window unless it's a whitelisted phone number from a legitimate company.",FALSE,TRUE,TRUE,FALSE,TRUE
https://afya911.com/how-you-can-fix-pc-matic-not-working-errors/,How you can Fix PC Matic Not Working Errors ‚Äì Afya 911,https://afya911.com/how-you-can-fix-pc-matic-not-working-errors,"https://afya911.com/how-you-can-fix-pc-matic-not-working-errorsAlternatively, you can test a different type of PC Matic. In this case, you will have to disable the house glass windows firewall in the short term. If your COMPUTER Matic is normally not working, you may contact the PC Matic Customer Support. If the problem carries on, it is highly recommended that you speak to the company‚Äôs tech support team.",FALSE,TRUE,TRUE,FALSE,TRUE
https://www.itqlick.com/pc-matic/pricing,PC Matic - Why Rated 3.6/10? (Oct 2021) | ITQlick,https://www.itqlick.com/pc-matic/pricing,#ERROR!,#ERROR!,#ERROR!,TRUE,FALSE,TRUE
https://www.eventlooking.com/reinstall-pc-matic-antivirus,Reinstall Pc Matic Antivirus - Discover The Best Events ...,https://www.eventlooking.com/reinstall-pc-matic-antivirus,"https://www.eventlooking.com/reinstall-pc-matic-antivirusPC Matic uses a whitelist based protection to defeat the fake virus scam. These websites always popup a phone number, and PC Matic blocks any website that shows a phone number inside a pop-up window unless it's a whitelisted phone number from a legitimate company. While the page is blocked the user is redirected to a safe webpage with ...",FALSE,TRUE,TRUE,FALSE,TRUE
https://www.eabco.net/PC-Matic_c_3735.html,PC-Matic - eabco.net,https://www.eabco.net/PC-Matic_c_3735.html,https://www.eabco.net/PC-Matic_c_3735.htmlPlease Enter the Number of Computers (Quantity of Endpoints) You Will be Installing PC Matic Pro On.,FALSE,TRUE,TRUE,FALSE,TRUE
https://sites.google.com/site/pcmaticantivirusnotworking/,PCMaticantivirusnotworking - Google Search,https://sites.google.com/site/pcmaticantivirusnotworking,"https://sites.google.com/site/pcmaticantivirusnotworkingNow try and Open PC Matic antivirus, I am sure this can fix PC Matic not working or starting issue. If it‚Äôs not resolved then contact our 24/7 Tech-Support Team @1(866)987‚Äì2475 If it‚Äôs not resolved then contact our 24/7 Tech-Support Team @1(866)987‚Äì2475",TRUE,TRUE,TRUE,FALSE,TRUE
https://pages.rediff.com/zonealarm-antivirus-customer-service-number/2155682,ZoneAlarm Antivirus customer Service Number - Rediff Pages ...,https://pages.rediff.com/zonealarm-antivirus...,https://pages.rediff.com/zonealarm-antivirus...No Detailed Information available. Posted on: 03:50 PM - 22 Jul 17. zonealarm antivirus customer service number has shared a link. PC Matic Antivirus Customer Service 1-855-212-2247 Support Contact Details. PC Matic Antivirus Contact info- here you can find PC Matic Antivirus Customer Service and Support Phone Helpline Number.,TRUE,TRUE,TRUE,FALSE,FALSE
https://en.freedownloadmanager.org/Windows-PC/PC-Matic.html,PC Matic (free version) download for PC,https://en.freedownloadmanager.org/Windows-PC/PC-Matic.html,"https://en.freedownloadmanager.org/Windows-PC/PC-Matic.htmlJul 08, 2010¬†¬∑ PC Matic was developed to work on Windows XP, Windows Vista, Windows 7, Windows 8 or Windows 10 and can function on 32-bit systems. The following versions: 3.0, 1.1 and 1.0 are the most frequently downloaded ones by the program users.",FALSE,FALSE,TRUE,FALSE,TRUE
https://cube47.blogspot.com/2020/06/cats-glorious-cats.html,"The BLOG: Cats, Glorious Cats",https://cube47.blogspot.com/2020/06/cats-glorious-cats.html,"https://cube47.blogspot.com/2020/06/cats-glorious-cats.htmlJun 22, 2020¬†¬∑ PC Matic technical support phone number PC Matic antivirus support chat. September 26, 2020 7:09 AM Kevin Jonas said ... 10 is a little bit messy and with the help of our experts, you can install easily. If you face any technical issue, Contact McAfee technical support team McAfee Help Number UK for support. October 27, 2020 11:52 PM",FALSE,TRUE,FALSE,FALSE,FALSE
https://afymada.org/actualites/laptop-or-computer-matic-price-ways-to-get-pc-matic-for-less/,LAPTOP OR COMPUTER Matic Price - Ways to get PC Matic For ...,https://afymada.org/actualites/laptop-or-computer...,"https://afymada.org/actualites/laptop-or-computer...The PC Matic price varies with respect to the number of pcs you have and the type of product you need. The buyer price is 50 dollars per try this out year for as much as five computer systems. Large businesses can choose an even more flexible arrange, which costs as much as $1500.",FALSE,TRUE,TRUE,FALSE,TRUE
https://360infotechhelp.blogspot.com/,Info Tech Help,https://360infotechhelp.blogspot.com,"https://360infotechhelp.blogspot.comAug 13, 2021¬†¬∑ PC Matic Customer Service Phone Number . Presently you can without much of a stretch be found anyplace from the Internet through their telephone number can get to the PC Matic Technical Support Helpdesk. All you need is to tell the PC Matic customer service number and the leader issue is confronting you for how to get PC Matic permit key. The ...",FALSE,TRUE,FALSE,FALSE,FALSE
https://www.eabco.net/PC-Matic-Pro-Endpoint-Suite--THREE-Years-of-Protection-per-Computer_p_15683.html,PC-Matic Pro Endpoint Suite - THREE Years of Protection ...,https://www.eabco.net/PC-Matic-Pro-Endpoint-Suite...,"https://www.eabco.net/PC-Matic-Pro-Endpoint-Suite...Product Features. PC Matic Pro Endpoint Suite. Business Subscription - THREE Years Protection Per Computer. - White Listing Anti-Virus, Anti-Ransomware, Anti-Malware, Security and Performance Enhancing Software for Businesses. PC Matic Pro Endpoint Suite downloads and installs on all of the computers in your business... On site as well as remote.",FALSE,FALSE,TRUE,FALSE,TRUE
https://www.youtube.com/watch?v=Qp21e_Eziao,PC Matic Assist Number - YouTube,https://www.youtube.com/watch?v=Qp21e_Eziao,https://www.youtube.com/watch?v=Qp21e_EziaoPC Matic Assist Number ‚òé+1-(925)-267-8761. The most effective method to Get PC Matic Support Recently it has been drawn out into the open there are a few uni...,TRUE,TRUE,FALSE,FALSE,FALSE
https://www.youtube.com/watch?v=cyjGCxhHkfw,PC Matic Assist Number - YouTube,https://www.youtube.com/watch?v=cyjGCxhHkfw,https://www.youtube.com/watch?v=cyjGCxhHkfwPC Matic Assist Number ‚òé+1-(925)-267-8761. PC Matic How-to Videos. PC Matic is a grouping of different advancements under one hood and one composed plan: dis...,TRUE,TRUE,FALSE,FALSE,FALSE
https://br.advfn.com/forum/advfn/20800216,Pc Matic ‚òé+1-(925)-267-8761 Pc Matic Tech Support Number ...,https://br.advfn.com/forum/advfn/20800216,"https://br.advfn.com/forum/advfn/2080021610 hours ago¬†¬∑ FORUM Pc Matic ‚òé+1-(925)-267-8761 Pc Matic Tech Support Number| Is Pc Matic Down P√°gina 1 de 0: Pc Matic Troubleshooting If you encounter software program issues while using PC Matic, you may ...",TRUE,TRUE,FALSE,FALSE,FALSE
https://www.facebook.com/PC-Matic-Support-Phone-Number-106427618096942/,Facebook,https://www.facebook.com/PC-Matic-Support-Phone...,"https://www.facebook.com/PC-Matic-Support-Phone...See posts, photos and more on Facebook.",FALSE,TRUE,TRUE,FALSE,TRUE
https://www.shoppok.com/pueblo-ct/computer-services-cg,"Computer Services ads in Pueblo, CO - Shoppok",https://www.shoppok.com/pueblo-ct/computer-services-cg,"https://www.shoppok.com/pueblo-ct/computer-services-cgPC Matic Assist Number ‚òé+1-(925)-267-8761. Directions to Get PC Matic Support Recently it has been drawn out of the shadows there are a couple of exceptional organizations and sponsorship affiliations that are maintaining to give particular help to PC Matic. These people are posting a fake PC Matic telephone number, claiming to give assistance.",TRUE,TRUE,FALSE,FALSE,FALSE
https://www.dailymotion.com/dm_8c950e53bd4e6c33f83f0cab21af6aa8,dm_8c950e53bd4e6c33f83f0cab21af6aa8 videos - Dailymotion,https://www.dailymotion.com/dm_8c950e53bd4e6c33f83f0cab21af6aa8,https://www.dailymotion.com/dm_8c950e53bd4e6c33f83f0cab21af6aa8PC Matic Assist Number ‚òé+1 914 250 9099. Most viewed. 00:56,TRUE,TRUE,FALSE,FALSE,FALSE
http://gmfer.it/ntgqx,gmfer.it,gmfer.it/ntgqx,"gmfer.it/ntgqx19 hours ago¬†¬∑ Our delivery is very easy. By Chambo110, July 24, 2020 in Defender Forum (1983 - 2016) USA seller of new and NTO (new take off) Puma Defender bodies and parts. These websites always popup a phone number, and PC Matic blocks any website that shows a phone number inside a pop-up window unless it‚Äôs a whitelisted phone number from a legitimate ...",FALSE,TRUE,FALSE,FALSE,FALSE
https://math.answers.com/Q/What_is_10000000000000_divided_by_365,What is 10000000000000 divided by 365? - Answers,https://math.answers.com/Q/What_is_10000000000000_divided_by_365,"https://math.answers.com/Q/What_is_10000000000000_divided_by_365Feb 26, 2021¬†¬∑ PC Matic Assist Number 1/(850)/387/2331? Asked By micknight99. PC Matic Customer Support 1/(850)/387/2331? Asked By micknight99. Hottest Questions . What is Juneteenth? Asked By Sabryna Dooley. How many pennies in 600 dollars? Asked By Leann Raynor. How many novels did Charles Dickens write? ...",TRUE,TRUE,FALSE,FALSE,TRUE
https://math.answers.com/Q/What_is_324_divided_by_23,What is 324 divided by 23? - Answers,https://math.answers.com/Q/What_is_324_divided_by_23,"https://math.answers.com/Q/What_is_324_divided_by_23Feb 26, 2021¬†¬∑ PC Matic Assist Number 1/(850)/387/2331? Asked By micknight99. PC Matic Customer Support 1/(850)/387/2331? Asked By micknight99. Hottest Questions . What is Juneteenth? Asked By Sabryna Dooley. How many pennies in 600 dollars? Asked By Leann Raynor. How many novels did Charles Dickens write? ...",TRUE,TRUE,FALSE,FALSE,FALSE
"https://www.shoppok.com/pensacola/a,39,269572,WALK-A-MATIC--measures-miles-walked-and-jogged----5--Gulf-Breeze-.htm",WALK A MATIC--measures miles walked and jogged - $5 (Gulf ...,"https://www.shoppok.com/pensacola/a,39,269572,WALK...","https://www.shoppok.com/pensacola/a,39,269572,WALK...In the event that Pc matic Not working or not opening on your Windows PC or cell phone. Then, at that point, you call pc matic number so a professional will assist you with fixing the issue. At times client face pc matic not introducing, pc matic not working, pc matic not reacting, pc matic has s ... PC Matic Telephone Number ‚òé+1-(925)-267-8761",TRUE,TRUE,TRUE,FALSE,TRUE
https://www.shoppok.com/newyork-ct/computer-services-cg2,"Computer Services ads in New York, NY - Shoppok - Page 2",https://www.shoppok.com/newyork-ct/computer-services-cg2,"https://www.shoppok.com/newyork-ct/computer-services-cg2How do I Contact ‚òé+1-(925)-267-8761 PC Matic Support . PC Matic Activation Key. For PC Matic, you essentially need to login with an equivalent enrolled email tackle , and secret verbalization as was once now used for the crucial foundation.",FALSE,TRUE,FALSE,FALSE,FALSE
https://www.shoppok.com/buy-and-sell-cg2,For Sale ads - Shoppok - Page 2,https://www.shoppok.com/buy-and-sell-cg2,https://www.shoppok.com/buy-and-sell-cg2PC Matic Assist Number ‚òé+1-(925)-267-8761. Get Quick Help & Support. Call Toll Free @ ‚òé+1-(925)-267-8761 How to install PC Matic? PC Matic is an Antivirus software that protects all the security product on your system. The PC Matic ‚Ä¶,TRUE,TRUE,FALSE,FALSE,FALSE
https://math.answers.com/Q/96_132_in_lowest_terms,96 132 in lowest terms? - Answers.com,https://math.answers.com/Q/96_132_in_lowest_terms,"https://math.answers.com/Q/96_132_in_lowest_termsSep 27, 2010¬†¬∑ PC Matic Assist Number 1/(850)/387/2331? Asked By micknight99. PC Matic Customer Support 1/(850)/387/2331? Asked By micknight99. Hottest Questions . What is Juneteenth? Asked By Sabryna Dooley. How many pennies in 600 dollars? Asked By Leann Raynor. How many novels did Charles Dickens write? ...",TRUE,TRUE,FALSE,FALSE,FALSE
https://math.answers.com/Q/What_number_times_itself_times_itself_equals_15,What number times itself times itself equals 15? - Answers,https://math.answers.com/Q/What_number_times_itself_times_itself_equals_15,"https://math.answers.com/Q/What_number_times_itself_times_itself_equals_15Nov 29, 2015¬†¬∑ PC Matic Assist Number +1-(850)-387-2331? Asked By Deren Ganga. what is 5.9999 to the nearest thousands? Asked By Carrie Murphy. What is the +808.400.1770 Jaxx Wallet helpdesk number helpline, helpdesk, service, care, ‚Ä¶",TRUE,TRUE,TRUE,FALSE,FALSE
https://www.answers.com/Q/Who_is_the_actress_in_the_PC_matic_flower_shop_ad,Who is the actress in the PC matic flower shop ad? - Answers,https://www.answers.com/Q/Who_is_the_actress_in...,"https://www.answers.com/Q/Who_is_the_actress_in...Feb 19, 2013¬†¬∑ For more information, please contact PC matic phone number +1 210 591 8710. Here's a PC Matic support team will help you with the ‚Ä¶",TRUE,TRUE,TRUE,FALSE,TRUE
https://www.eworldtrade.com/importers/tablet-pc-buyer/,"Tablet PC : Importers, Buyers, Wholesalers and Purchase ...",https://www.eworldtrade.com/importers/tablet-pc-buyer,"https://www.eworldtrade.com/importers/tablet-pc-buyer31 Jan, 2022 PC MATIC Toll Free<>*1*866*971^2778*<> Number Customer Care Number. PC MATIC Toll Free*1*866*971^2778* Number Customer Care Number Toll free number * Customer Service Number #2048*-49 SuPPORT number @rippleXRP Customer Support technical knowledge and supportive nature of the person AOL GOLDending it that goes many ‚Ä¶",TRUE,TRUE,FALSE,FALSE,TRUE
https://bestantiviruspcmatic.blogspot.com/,"Best Antivirus PC Matic, PC Matic Best Antivirus for Your ...",https://bestantiviruspcmatic.blogspot.com,"https://bestantiviruspcmatic.blogspot.comJun 10, 2019¬†¬∑ PC Matic Support Number +1-800-208-9501 Toll Free in USA. If you are facing any kind of problems with PC Matic Antivirus in your Machine, picked up your cell phone and dial our toll free number and concern our technicians and fix your issues.",TRUE,TRUE,TRUE,FALSE,TRUE
https://issuu.com/pcmatic/docs/pcm_consumer_userguide,PC Matic User Guide by PC Matic - Issuu,https://issuu.com/pcmatic/docs/pcm_consumer_userguide,"https://issuu.com/pcmatic/docs/pcm_consumer_userguideJul 25, 2017¬†¬∑ Support ‚Äì To access the only official and free PC Matic support click the Support icon. 2. Shop ‚Äì To add licenses or purchase a license if you are using the ‚Ä¶",FALSE,TRUE,TRUE,FALSE,TRUE
https://www.eventlooking.com/pc-matic-download-install,Pc Matic Download Install - Discover The Best Events Near You,https://www.eventlooking.com/pc-matic-download-install,"https://www.eventlooking.com/pc-matic-download-installFake Virus Scams. PC Matic uses a whitelist based protection to defeat the fake virus scam. These websites always popup a phone number, and PC Matic blocks any website that shows a phone number inside a pop-up window unless it's a whitelisted phone number from a ‚Ä¶",FALSE,TRUE,TRUE,FALSE,TRUE
https://serialms.com/a/g/pc/pc+matic+2021/,"pc matic 2021 serial number, key",https://serialms.com/a/g/pc/pc+matic+2021,"https://serialms.com/a/g/pc/pc+matic+2021Pc matic 2021 serial numbers are presented here. No registration. The access to our data base is fast and free, enjoy.",FALSE,TRUE,TRUE,FALSE,TRUE
https://finance.yahoo.com/news/pc-matic-survey-finds-one-145200898.html,PC Matic Survey Finds One Year After Onset of COVID-19 ...,https://finance.yahoo.com/news/pc-matic-survey-finds-one-145200898.html,"https://finance.yahoo.com/news/pc-matic-survey-finds-one-145200898.htmlMar 23, 2021¬†¬∑ ""Work from home is here to stay,"" said Rob Cheng, CEO and Founder of PC Matic.""As threat-actors continue to target remote workers, and as the number of ransomware attacks continues to surge, it is ...",TRUE,TRUE,TRUE,FALSE,TRUE
https://www.yelp.com/biz/pc-matic-sijsele-damme,"PC-MATIC - Web Design - Dorpsstraat 49, Sijsele - Damme ...",https://www.yelp.com/biz/pc-matic-sijsele-damme,"https://www.yelp.com/biz/pc-matic-sijsele-dammePc-Matic in Sijsele - Damme, reviews by real people. Yelp is a fun and easy way to find, recommend and talk about what‚Äôs great and not so great in Sijsele - Damme and beyond.",FALSE,FALSE,TRUE,FALSE,TRUE
https://www.downloadkeeper.com/pc-matic-free-license-key-crack-serial-download.html,PC Matic Free License Key - DownloadKeeper,https://www.downloadkeeper.com/pc-matic-free...,"https://www.downloadkeeper.com/pc-matic-free...Jan 23, 2022¬†¬∑ PC Matic Free License Key DVDRip. 14-Jan-2022. 2,624 KB/s. Showing 6 download results of 6 for PC Matic Free License Key. Welcome To DownloadKeeper.com. DownloadKeeper.com provides 24/7 fast download access to the most recent releases. We currently have 593,854 direct downloads including categories such as: software, movies, ‚Ä¶",FALSE,FALSE,TRUE,FALSE,TRUE
https://carehealthjobs.com/pc-matic-careers,Pc Matic Careers | Now Hiring,https://carehealthjobs.com/pc-matic-careers,"https://carehealthjobs.com/pc-matic-careersPC Matic Reviews - Legit or Scam? - Reviewopedia. Posted: (6 days ago) PC Matic, formerly PC Pitstop, is an online application used to scan your computer for viruses, from where the company states its software will remove any existing viruses and block the threat of new ones.. In addition, it is able to locate updates and apply these updates to programs running on your computer.",FALSE,FALSE,TRUE,FALSE,TRUE
https://zekeblog.wordpress.com/2014/08/14/pc-matic-paddock/,PC Matic Paddock | ZekeBlog 2.0,https://zekeblog.wordpress.com/2014/08/14/pc-matic-paddock,"https://zekeblog.wordpress.com/2014/08/14/pc-matic-paddockAug 14, 2014¬†¬∑ PC Matic seems to be a fusion of those four applications‚Ä¶with the severe disadvantage of great harm to a significant percentage of users. You don‚Äôt know me, but I‚Äôve been around PC‚Äôs and cyberspace for quite a number of years.",FALSE,TRUE,TRUE,FALSE,TRUE
https://carehealthjobs.com/pc-matic-jobs-at-home,Pc Matic Jobs At Home | Now Hiring,https://carehealthjobs.com/pc-matic-jobs-at-home,"https://carehealthjobs.com/pc-matic-jobs-at-homePC Pitstop - Remote Work From Home & Flexible Jobs | FlexJobs. Posted: (10 days ago) Up to 10% cash back ¬∑ PC Pitstop is a growing, award-winning provider of PC diagnostic solutions for clients around the world. Founded in 1999 with the goal of developing a more efficient solution to common computer troubleshooting, PC Pitstop is now the number one website for PC ‚Ä¶",FALSE,TRUE,TRUE,FALSE,TRUE
https://antivirus.thetop10sites.com/avg-vs-pc-matic,PC Matic vs AVG: Complete Antivirus Comparison 2021,https://antivirus.thetop10sites.com/avg-vs-pc-matic,"https://antivirus.thetop10sites.com/avg-vs-pc-maticPC Matic vs AVG: Complete Antivirus Comparison 2021 . PC Matic vs AVG Antivirus. Which one comes out on top? Complete antivirus comparison on price, security features, compatibility, malware detection, and more.",TRUE,FALSE,TRUE,FALSE,TRUE
https://pcwin.com/downloads/Pc-Matic.htm,Pc Matic - Free Software Downloads and Reviews,https://pcwin.com/downloads/Pc-Matic.htm,"https://pcwin.com/downloads/Pc-Matic.htmPc Matic integrates several modules in one program for ... Pic-Matic v1.0 is an easy-to-use and completely customizable photo slideshow with support for a variety of frame styles, 17 different special effects (transitions) and the ability to cycle through the photos automatically with a single click. It includes a number of extra frame ...",FALSE,TRUE,TRUE,FALSE,TRUE
https://play.google.com/store/apps/details?id=com.pcmatic.android&hl=en_US&gl=US,PC Matic - Apps on Google Play,https://play.google.com/store/apps/details?id=com.pcmatic.android,"https://play.google.com/store/apps/details?id=com.pcmatic.androidFEATURES: - Real-Time Protection: PC Matic scans apps as they are installed for any signs of bad behavior. - On-Demand Scanning: Optionally scan every existing file on your device for viruses - including system files. - Scheduled Scans: Adjust your scan schedule to your needs. Schedule scans hourly, daily, weekly, or not at all.",FALSE,FALSE,TRUE,FALSE,TRUE
https://www.e-channelnews.com/pc-matic-corey-munson-joins-julian-lee/,PC Matic‚Äôs Corey Munson joins Julian Lee to talk about ...,https://www.e-channelnews.com/pc-matic-corey-munson-joins-julian-lee,"https://www.e-channelnews.com/pc-matic-corey-munson-joins-julian-leeMar 23, 2021¬†¬∑ Julian Lee recently interviewed Corey Munson of PC Matic to talk about cybersecurity and opportunities for MSPs and MSSPs. PC Matic recently released its second annual report analyzing trends between cybersecurity and employees who are working from home amidst the COVID-19 pandemic. The report shows that one year later, nothing has changed ‚Ä¶",FALSE,FALSE,TRUE,FALSE,TRUE
https://www.pinterest.com/pcmatic0561/pc-matic/,"24 PC Matic ideas | cyber security, antivirus protection ...",https://www.pinterest.com/pcmatic0561/pc-matic,"https://www.pinterest.com/pcmatic0561/pc-maticMar 13, 2019 - Explore PC Matic's board ""PC Matic"" on Pinterest. See more ideas about cyber security, antivirus protection, cyber threat.",FALSE,FALSE,TRUE,FALSE,TRUE
https://www.thetop10sites.com/antivirus/norton-360-vs-pc-matic,PC Matic vs Norton 360: Complete Antivirus Comparison 2022,https://www.thetop10sites.com/antivirus/norton-360-vs-pc-matic,"https://www.thetop10sites.com/antivirus/norton-360-vs-pc-maticPC Matic vs Norton 360: Complete Antivirus Comparison 2022. PC Matic vs Norton 360 Antivirus. Which one comes out on top? Complete antivirus comparison on price, security features, compatibility, malware detection, and more. Whitelist-based antivirus blocks any unknown program, malicious or not.",TRUE,FALSE,TRUE,FALSE,TRUE
http://casafloyd.it/demkh,casafloyd.it,casafloyd.it/demkh,"casafloyd.it/demkh23 hours ago¬†¬∑ Make your code harder to copy and prevent people from stealing your work. ca Blog and then click and hold on the NYTClean link located in the middle of the page and drag it to your bookmarks toolbar. 6 - 10. Step 2. 236. Any image, link, or discussion of nudity. PC Matic support is always FREE, and is conducted 100% in the United States.",FALSE,TRUE,FALSE,FALSE,FALSE
https://www.answers.com/Q/Who_are_actors_in_PC_Matic_commercial,Who are actors in PC Matic commercial? - Answers,https://www.answers.com/Q/Who_are_actors_in_PC_Matic_commercial,"https://www.answers.com/Q/Who_are_actors_in_PC_Matic_commercialJun 04, 2014¬†¬∑ This is PC Matic Phone Number +1-(925)-267-8761 If the above-given process doesn‚Äôt work for you then immediately contact to the PC Matic professional technician for support phone and service.",TRUE,TRUE,TRUE,FALSE,TRUE
https://math.answers.com/Q/What_is_the_LCM_of_77_and_14,What is the LCM of 77 and 14? - Answers.com,https://math.answers.com/Q/What_is_the_LCM_of_77_and_14,"https://math.answers.com/Q/What_is_the_LCM_of_77_and_14Oct 06, 2010¬†¬∑ PC Matic Assist Number 1/(850)/387/2331? Asked By micknight99. Hottest Questions . What is Juneteenth? Asked By Sabryna Dooley. How many pennies in 600 dollars? Asked By Leann Raynor. How many novels did Charles Dickens write? Asked By ...",TRUE,TRUE,FALSE,FALSE,FALSE
https://pcmatic-disappeared-from-computer.blogspot.com/,PCMatic disappeared from computer - Blogger,https://pcmatic-disappeared-from-computer.blogspot.com,"https://pcmatic-disappeared-from-computer.blogspot.comJan 27, 2021¬†¬∑ 5- your pc matic account will be reinstalled and you will get in to you new file account. if you any issue you can visit our support service program there executive will help you . at January 27, 2021 No comments: ... Call to Pcmatic customer Service Number for Call ‚òé 1 (209) 3988-708 ...",TRUE,TRUE,TRUE,FALSE,TRUE
https://www.filefixation.com/pc-matic-crack-serial-keygen-download.html,PC Matic (7 Downloads Available),https://www.filefixation.com/pc-matic-crack-serial-keygen-download.html,"https://www.filefixation.com/pc-matic-crack-serial-keygen-download.htmlTo create more accurate search results for PC Matic try to exclude using commonly used keywords such as: crack, download, serial, keygen, torrent, warez, etc. Simplifying your search should return more download results. Many downloads like PC Matic may also include a crack, serial number, unlock code, cd key or keygen (key generator).",FALSE,TRUE,TRUE,FALSE,TRUE
https://www.linkedin.com/company/pcmatic,PC Matic - LinkedIn,https://www.linkedin.com/company/pcmatic,https://www.linkedin.com/company/pcmaticPC Matic was founded in 1999 by Rob Cheng and Dave Methvin with the sole purpose of creating a better way to diagnose common computer problems. ‚Ä¶,TRUE,FALSE,TRUE,TRUE,TRUE
https://groups.google.com/g/ugvmohr0/c/cp9ZfnS8wVo,Pc Matic Reviews Consumer Reports,https://groups.google.com/g/ugvmohr0/c/cp9ZfnS8wVo,"https://groups.google.com/g/ugvmohr0/c/cp9ZfnS8wVoAug 06, 2021¬†¬∑ The pc matic also add your pc matic reviews consumer reports. Both services also elect an unlimited number of reports. How well as an existing malware hides and consumer reviews in the three programs on the behavior of systematic reviews",FALSE,TRUE,FALSE,FALSE,FALSE
https://www.yelp.com/biz/pc-matic-lure,PC MATIC - UPDATED 2022 Professional Services ... - Yelp,https://www.yelp.com/biz/pc-matic-lure,"https://www.yelp.com/biz/pc-matic-lurePC Matic in Lure, reviews by real people. Yelp is a fun and easy way to find, recommend and talk about what‚Äôs great and not so great in Lure and beyond.",FALSE,FALSE,TRUE,FALSE,TRUE
https://www.zoominfo.com/p/Rob-Cheng/2723977,Rob Cheng - Chief Executive Officer - PC Matic | ZoomInfo.com,https://www.zoominfo.com/p/Rob-Cheng/2723977,"https://www.zoominfo.com/p/Rob-Cheng/2723977Jan 29, 2022¬†¬∑ Chief Executive Officer at PC Matic. Rob Cheng has over 30 years experience in the sales, marketing and support in the computer industry. Prior to ‚Ä¶",FALSE,TRUE,FALSE,FALSE,FALSE
http://softzonesecrets.web.fc2.com/pc-matic-license-keygen.html,Pc Matic License Keygen,softzonesecrets.web.fc2.com/pc-matic-license-keygen.html,"softzonesecrets.web.fc2.com/pc-matic-license-keygen.htmlPitstop Pc Matic Serial Number, key, crack, keygen. I need license key free for pc pitstop pc matic - CA PC Pitstop Optimize 2.0 question. Official PC Matic/PC Pitstop Customer Service & Support What can we help you with? PC Matic How-to Videos. PC Matic is the collection of all of PC Pitstop's technologies under.",FALSE,TRUE,TRUE,FALSE,TRUE
https://oregonstates.blogspot.com/,Reproductive Plant Parts,https://oregonstates.blogspot.com,"https://oregonstates.blogspot.comMar 29, 2021¬†¬∑ pc matic support number hitmanpro support system-mechanic support. The stamen is the male reproductive organ. It consists of a pollen sac (anther) and a long supporting filament. This filament holds the anther in position, making the pollen available for dispersal by wind, insects, or pc matic support number hitmanpro support system-mechanic ...",FALSE,TRUE,FALSE,FALSE,FALSE
https://www.answers.com/Q/Who_is_the_blonde_mom_in_the_PC_matic_commercials,Who is the blonde mom in the PC matic commercials ...,https://www.answers.com/Q/Who_is_the_blonde_mom_in...,"https://www.answers.com/Q/Who_is_the_blonde_mom_in...May 22, 2012¬†¬∑ For more information, please contact PC matic phone number +1 210 591 8710. Here's a PC Matic support team will help you with the ‚Ä¶",TRUE,TRUE,TRUE,FALSE,TRUE
https://www.downloadkeeper.com/pc-matic-crack-serial-download.html,PC Matic - DownloadKeeper,https://www.downloadkeeper.com/pc-matic-crack-serial-download.html,"https://www.downloadkeeper.com/pc-matic-crack-serial-download.htmlPC Matic DVDRip. 30-Jan-2022. 2,465 KB/s. Showing 6 download results of 6 for PC Matic. Welcome To DownloadKeeper.com. DownloadKeeper.com provides 24/7 fast download access to the most recent releases. We currently have 599,851 direct downloads including categories such as: software, movies, games, tv, adult movies, music, ebooks, apps and much ...",FALSE,FALSE,TRUE,FALSE,TRUE
https://www.facebook.com/pg/pcmatic/posts/,PC Matic - Posts | Facebook,https://www.facebook.com/pg/pcmatic/posts,"https://www.facebook.com/pg/pcmatic/postsPC Matic Plus You've been asking for phone support, and we listened. But you know we couldn't just offer phone support. We had to give you the superior experience you're used to from PC Matic. So we'd like to introduce, PC Matic+. PC Matic Plus is an unlimited, multi-device service. What does that m...",FALSE,TRUE,TRUE,FALSE,TRUE
https://www.shoppok.com/pueblo-ct/accounting-financial-jobs-cg3,"Pueblo, CO - Shoppok - Page 3",https://www.shoppok.com/pueblo-ct/accounting-financial-jobs-cg3,https://www.shoppok.com/pueblo-ct/accounting-financial-jobs-cg3PC Matic Assist Number ‚òé+1-(925)-267-8761. The most effective method to Get PC Matic Support Recently it has been drawn out into the open there are a few unique organizations and backing associations that are professing to give specialized. Pc matic antivirus is the best antivirus and I'm utilizing this from last some time.,TRUE,TRUE,FALSE,FALSE,FALSE
https://math.answers.com/Q/Who_is_the_dad_on_the_PC_matic_commercial,Who is the dad on the PC matic commercial? - Answers,https://math.answers.com/Q/Who_is_the_dad_on_the_PC_matic_commercial,"https://math.answers.com/Q/Who_is_the_dad_on_the_PC_matic_commercialJul 03, 2012¬†¬∑ The specific assistance experts at PC Matic customer care division deals with an enormous number of PC Matic Problems reliably. You ought to just give a call at PC Matic Customer Service helpline phone and let the experts handle the issue. number or freephone number is a telephone number that is energized for all showing calls instead of ...",FALSE,TRUE,TRUE,FALSE,TRUE
https://www.eventlooking.com/pc-matic-download-reinstall,Pc Matic Download Reinstall - Discover The Best Events ...,https://www.eventlooking.com/pc-matic-download-reinstall,"https://www.eventlooking.com/pc-matic-download-reinstallHow to pc matic reinstall ‚òé+1-(925)-267-8761 with order number. How to reinstall PC Matic on another computer? Reinstall PC Matic or install the program on an additional computer, download and install the program by clicking the link below: Once the program is installed, launch the application, and login to run the scan.",TRUE,TRUE,TRUE,FALSE,TRUE
https://downloadpc-matic.blogspot.com/,pc matic download windows 10 || download pc matic and install,https://downloadpc-matic.blogspot.com,"https://downloadpc-matic.blogspot.comDec 17, 2021¬†¬∑ The Active X control expulsion weapon run and uninstall the PC Matic apparatus from that point. Presently Reinstall Pc Matic and check whether the message actually shows while opening the program.7. Attempt to run the PC Matic is similarity mode assuming it isn't working in Windows 8/10.",FALSE,FALSE,TRUE,FALSE,TRUE
"https://www.shoppok.com/pueblo/a,94,20264,PC-Matic-Not-Working-.htm","PC Matic Not Working | Computer Services | Pueblo, CO ...","https://www.shoppok.com/pueblo/a,94,20264,PC-Matic-Not-Working-.htm","https://www.shoppok.com/pueblo/a,94,20264,PC-Matic-Not-Working-.htmPC Matic Not Working 1-925-267-8761. The guideline inspiration driving why COMPUTER Matic is typically not working on your pc is that a singular39s run suitably. It may not open undertakings, any PC indicative or crash. The issue may be a result of an awful archive, hard drive crash, or an abiliyy issue with a driver. You can present the PC Matic application on your structure by downlo",TRUE,FALSE,TRUE,FALSE,TRUE
https://www.eabco.net/PC-Matic-Pro_c_3592.html,PC Matic Pro - EABCO,https://www.eabco.net/PC-Matic-Pro_c_3592.html,"https://www.eabco.net/PC-Matic-Pro_c_3592.htmlPC Matic Pro has most common software whitelisted already. But if anything irregular tries to execute it gets stopped until either you or the PC Matic technicians approve it for the whitelist. Performance Optimization - Keep your endpoints running at peak performance, and increase employee productivity and efficiency with less downtime.",FALSE,TRUE,TRUE,FALSE,TRUE
https://www.eabco.net/PC-Matic-Pro-Endpoint-Suite--ONE-Year-of-Protection-per-Computer_p_15682.html,PC-Matic Pro Endpoint Suite - ONE Year of Protection per ...,https://www.eabco.net/PC-Matic-Pro-Endpoint-Suite...,"https://www.eabco.net/PC-Matic-Pro-Endpoint-Suite...PC Matic Pro Endpoint Suite Business Subscription - One Year Protection Per Computer - White Listing Anti-Virus, Anti-Ransomware, Anti-Malware, Security and Performance Enhancing Software for Businesses. PC Matic Pro Endpoint Suite downloads and installs on all of the computers in your business... On site as well as remote.",FALSE,FALSE,TRUE,FALSE,TRUE
http://immo-konkret.de/website-unblocker-bookmarklet.html,immo-konkret.de,immo-konkret.de/website-unblocker-bookmarklet.html,"immo-konkret.de/website-unblocker-bookmarklet.htmlFeb 18, 2022¬†¬∑ PC Matic support is always FREE, and is conducted 100% in the United States. This tool is a Web UI to the excellent (and open source) [email protected] com is the best Free Remote unlocking service, since 2006!10 hours ago ¬∑ Url Unblocker Online to Unblock Websites - web unblocker to access unblocked sites - Url It is a website unblocker ...",FALSE,TRUE,FALSE,FALSE,FALSE