order_id,date,email,first_name,last_name,company,country,item,qty
73220,2/19/2022,ebever0@blogs.com,Eloisa,Bever,Kwilith,China,Rank,9613990169
08463,2/22/2022,mgerrey1@skype.com,Michaella,Gerrey,Ainyx,China,Solarbreeze,8614676585
79483,2/19/2022,zchace2@de.vu,Zed,Chace,Gevee,China,Latlux,1024629001
82829,2/1/2022,kselly3@edublogs.org,Kinny,Selly,Wikizz,Guinea,Sub-Ex,2264368653
82444,2/21/2022,xmoryson4@hatena.ne.jp,Xerxes,Moryson,Dynabox,Morocco,Wrapsafe,652041
30258,2/7/2022,cpeddowe5@people.com.cn,Carmela,Peddowe,Zoozzy,Brazil,Voyatouch,878311
78907,2/23/2022,lfebry6@godaddy.com,Leanor,Febry,Voonyx,France,Quo Lux,827036
70065,2/13/2022,jleadbitter7@reverbnation.com,Jamie,Leadbitter,Oozz,China,Fix San,960720072899
94930,2/16/2022,psomerlie8@rakuten.co.jp,Perry,Somerlie,Dabjam,Indonesia,Toughjoyfax,7229
98881,2/4/2022,sivory9@bbc.co.uk,Sharline,Ivory,Avavee,Argentina,Bitwolf,59451991
84687,2/10/2022,ssweetnama@istockphoto.com,Sarene,Sweetnam,Eabox,China,Zontrax,7982780062
23503,2/1/2022,tcarrickb@furl.net,Torry,Carrick,Nlounge,Canada,Domainer,791496
13647,2/14/2022,amoremanc@so-net.ne.jp,Aili,Moreman,Devpoint,Indonesia,Konklux,6934360684
40874,2/5/2022,hsaveryd@reverbnation.com,Hadlee,Savery,Agimba,Indonesia,Prodder,5571115405
93247,2/20/2022,smulcastere@surveymonkey.com,Suzette,Mulcaster,Ainyx,Egypt,Viva,7126743918
80302,2/14/2022,afardenf@forbes.com,Allsun,Farden,Quinu,China,Flexidy,8163085137
42596,2/17/2022,sviscog@163.com,Stephan,Visco,Leexo,Pakistan,Daltfresh,5688
65812,2/22/2022,cromeh@epa.gov,Carmelia,Rome,Realcube,France,Ronstring,09767222
15008,2/1/2022,fwalczaki@state.tx.us,Francis,Walczak,Twitterlist,United States,Sonair,9997521594
81799,2/3/2022,pemmanuelj@photobucket.com,Petrina,Emmanuel,Podcat,Brazil,Y-Solowarm,2130951401
34238,2/22/2022,alampittk@pen.io,Audi,Lampitt,Podcat,Poland,Otcom,20097805
90580,2/9/2022,mmariotl@hubpages.com,Madelina,Mariot,BlogXS,Kenya,Cardify,5062236208
68206,2/7/2022,jgaiterm@hhs.gov,Jenny,Gaiter,Skyvu,Central African Republic,Zoolab,74207220
05761,2/13/2022,nschustern@scribd.com,Natala,Schuster,Wikibox,Mexico,Cardguard,70241173
18213,2/23/2022,hchoudhuryo@shop-pro.jp,Hubie,Choudhury,Shuffledrive,France,Fintone,729107
31722,2/2/2022,mheadingsp@drupal.org,Mozelle,Headings,Jaloo,Brazil,Tampflex,4889834412
90755,2/16/2022,tcirlosq@hatena.ne.jp,Tabby,Cirlos,Photobug,France,Redhold,2202181026
73505,2/22/2022,strebbler@wordpress.com,Silvana,Trebble,Edgeclub,Philippines,Lotlux,1951910116
86480,2/2/2022,myoungers@devhub.com,Madlen,Younger,Einti,Pakistan,Aerified,97986472
90616,2/13/2022,evarnalst@sitemeter.com,Eyde,Varnals,Topicshots,China,Home Ing,67460579
51477,2/9/2022,mbawmeu@mayoclinic.com,Marney,Bawme,Thoughtstorm,Argentina,Zoolab,07908395
48673,2/19/2022,mmortellv@admin.ch,Mindy,Mortell,Linktype,Brazil,Matsoft,355235
29034,2/22/2022,lboylesw@alexa.com,Leoline,Boyles,Realbridge,China,Cookley,393314
44066,2/13/2022,olangfatx@webnode.com,Orelee,Langfat,Centidel,Indonesia,Gembucket,331212
51761,2/15/2022,mgopselly@kickstarter.com,Mellisent,Gopsell,Feednation,China,Transcof,145448162451
25821,2/17/2022,rartoisz@g.co,Rosalinde,Artois,Meezzy,Philippines,Kanlam,960382
70304,2/4/2022,kwearn10@hatena.ne.jp,Kit,Wearn,Youbridge,Philippines,Zaam-Dox,98468523
65733,2/2/2022,cbinks11@vkontakte.ru,Carline,Binks,Dablist,United States,Stronghold,1440
49936,2/15/2022,dcrofthwaite12@amazon.co.uk,Daveta,Crofthwaite,Jaxspan,Haiti,Transcof,97443367
36336,2/23/2022,mkime13@mashable.com,Mikey,Kime,BlogXS,Czech Republic,Alpha,08258680
67372,2/16/2022,abrownill14@paginegialle.it,Aloysius,Brownill,Mydo,China,Zamit,390390
90155,2/23/2022,gbaff15@taobao.com,Greg,Baff,Eimbee,Sweden,Wrapsafe,273750
19762,2/23/2022,sradish16@reddit.com,Sylvia,Radish,Bubbletube,Czech Republic,Opela,70985701
99643,2/3/2022,lyule17@zdnet.com,Lurette,Yule,Gigabox,Argentina,Trippledex,7762
39535,2/21/2022,iitscovitz18@umich.edu,Idell,Itscovitz,Bubbletube,Paraguay,Subin,09461828
39380,2/3/2022,allewelyn19@comsenz.com,Adi,Llewelyn,Quinu,China,Vagram,90741631
32723,2/3/2022,isarfati1a@about.com,Iolanthe,Sarfati,Linkbridge,Portugal,Kanlam,719533
57736,2/3/2022,athurske1b@washingtonpost.com,Ami,Thurske,Browsedrive,Indonesia,Greenlam,75800475
01662,2/21/2022,npatrick1c@xinhuanet.com,Neel,Patrick,Quamba,China,Bigtax,78414732
12653,2/12/2022,ferickssen1d@si.edu,Fanechka,Erickssen,Meevee,Czech Republic,Domainer,2505
76797,2/17/2022,jdocwra1e@wiley.com,Jewell,Docwra,Voolia,Brazil,Voltsillam,163426107218
86603,2/7/2022,tdymidowicz1f@hibu.com,Tana,Dymidowicz,Kazu,Panama,Home Ing,37356725
17409,2/5/2022,mkingstne1g@1und1.de,Madelene,Kingstne,Zoomzone,China,Ronstring,2394
65222,2/8/2022,tlightewood1h@bluehost.com,Tripp,Lightewood,Skimia,Philippines,Home Ing,400899
59540,2/17/2022,ccollishaw1i@tmall.com,Corinne,Collishaw,Jabbercube,China,Quo Lux,640053
34554,2/3/2022,rhutcheson1j@guardian.co.uk,Rose,Hutcheson,Topicblab,China,Gembucket,093073
00366,2/19/2022,lbossons1k@bandcamp.com,Ladonna,Bossons,Kazu,Russia,Bamity,71983910
62508,2/22/2022,cjosofovitz1l@si.edu,Car,Josofovitz,Yacero,China,Flowdesk,734866311626
03627,2/4/2022,lkareman1m@whitehouse.gov,Lorita,Kareman,Jabbercube,China,Zathin,941676
98183,2/5/2022,mgiamitti1n@cdbaby.com,Morgana,Giamitti,Voonder,Albania,Y-Solowarm,769883
63471,2/5/2022,fcritzen1o@google.ca,Fianna,Critzen,Skimia,China,Kanlam,9902032870
30219,2/21/2022,cswanborrow1p@tripod.com,Chanda,Swanborrow,Zoonoodle,Greece,Bamity,1753066909
24683,2/19/2022,saspole1q@bloglines.com,Sherri,Aspole,Quatz,Azerbaijan,Greenlam,12808325
01648,2/1/2022,bbowden1r@sakura.ne.jp,Bebe,Bowden,Jatri,Norway,Tres-Zap,85306996
63606,2/19/2022,clepope1s@howstuffworks.com,Chadwick,Lepope,Wikizz,Indonesia,Flowdesk,4194
70339,2/4/2022,rtreffrey1t@surveymonkey.com,Rodie,Treffrey,Skyvu,Mali,Voyatouch,416849
76448,2/4/2022,kradenhurst1u@deviantart.com,Kora,Radenhurst,Mudo,Greece,Fixflex,804492
53153,2/21/2022,amacclure1v@gov.uk,Alfi,MacClure,Dabvine,Indonesia,Fix San,828842
06757,2/21/2022,kdekeyser1w@whitehouse.gov,Kort,Dekeyser,Twitternation,Benin,Voyatouch,512559
35427,2/10/2022,econway1x@nationalgeographic.com,Elsbeth,Conway,Tavu,Sweden,Bigtax,123564
77575,2/17/2022,pmeece1y@cnbc.com,Pall,Meece,Tavu,Kenya,Cardify,558393
75617,2/17/2022,pgarment1z@amazonaws.com,Pascale,Garment,Blogpad,Russia,Vagram,35269886
69134,2/14/2022,mpettit20@hp.com,Maurice,Pettit,Tanoodle,Nigeria,Trippledex,446680
04721,2/6/2022,mreedshaw21@hud.gov,Magnum,Reedshaw,Mynte,Argentina,Fintone,37152240
70316,2/23/2022,apeers22@g.co,Abeu,Peers,Divavu,Honduras,Otcom,5169993859
40582,2/22/2022,mmacarthur23@globo.com,Mikkel,MacArthur,Dabvine,Philippines,Opela,5614523002
16480,2/22/2022,wgrubey24@slideshare.net,Winny,Grubey,Twitterwire,Sweden,Stringtough,48137602
17663,2/2/2022,ctender25@sfgate.com,Cathleen,Tender,Wikizz,Venezuela,Alphazap,22295324
36617,2/19/2022,fjouanet26@reverbnation.com,Fields,Jouanet,LiveZ,Greece,Sonsing,562886
55040,2/20/2022,ftremathick27@mail.ru,Faina,Tremathick,Roodel,Poland,Otcom,052188
93056,2/19/2022,mbowie28@mail.ru,Malissa,Bowie,Linkbuzz,Indonesia,Zontrax,5803540133
06086,2/7/2022,dbenstead29@howstuffworks.com,Desiri,Benstead,Youfeed,Bosnia and Herzegovina,Voyatouch,615873
53828,2/16/2022,pbricham2a@t-online.de,Pamella,Bricham,Linkbuzz,Indonesia,Voltsillam,661508
53721,2/19/2022,bhourstan2b@alexa.com,Babbie,Hourstan,Eire,Portugal,Keylex,367680967533
37308,2/5/2022,bhuikerby2c@netvibes.com,Bevan,Huikerby,Meezzy,France,Kanlam,24573128
20200,2/15/2022,mgeall2d@themeforest.net,Mariam,Geall,Jazzy,China,Solarbreeze,323399
30616,2/15/2022,aklimt2e@nymag.com,Adah,Klimt,Zoomcast,China,Treeflex,4281
01961,2/7/2022,vbechley2f@intel.com,Veronika,Bechley,Voonder,Russia,Subin,340500394207
91204,2/14/2022,wzettler2g@ask.com,Winfield,Zettler,Teklist,Nigeria,Pannier,9774840319
05698,2/11/2022,vrearden2h@deviantart.com,Veradis,Rearden,Twinder,China,Bamity,6885018456
86400,2/9/2022,candrysiak2i@berkeley.edu,Chickie,Andrysiak,Abatz,China,Span,37049187
15372,2/8/2022,slansly2j@multiply.com,Standford,Lansly,Vitz,Philippines,Stronghold,28722809
03093,2/1/2022,mbehneke2k@china.com.cn,Matthieu,Behneke,Jazzy,Yemen,Fintone,352529
03999,2/22/2022,shasloch2l@deviantart.com,Sancho,Hasloch,Bubbletube,China,Job,09414123
46027,2/8/2022,jfrancomb2m@soundcloud.com,Jerrylee,Francomb,Chatterbridge,Poland,Pannier,5899884844
08857,2/21/2022,ggun2n@sourceforge.net,Gerald,Gun,Nlounge,China,Sonair,6408450379
21409,2/20/2022,bdablin2o@samsung.com,Bonny,Dablin,Youopia,Peru,Span,6032343753
15047,2/2/2022,tkayes2p@elegantthemes.com,Tamarra,Kayes,Snaptags,Philippines,Subin,7048010389
69970,2/8/2022,gweatherill2q@squidoo.com,Gabey,Weatherill,Wikizz,Portugal,Trippledex,3278
20183,2/19/2022,kgorges2r@odnoklassniki.ru,Kenn,Gorges,Roodel,China,Latlux,2436
38303,2/18/2022,hdebruin2s@washington.edu,Howey,De Bruin,Wordpedia,China,Daltfresh,21265008
16875,2/19/2022,dbirkinshaw2t@technorati.com,Delainey,Birkinshaw,Yata,Brazil,Rank,59920545
79404,2/19/2022,rdureden2u@networkadvertising.org,Roxanna,Dureden,Plajo,Indonesia,Y-find,381418
81997,2/15/2022,dgutcher2v@usgs.gov,Dur,Gutcher,Vitz,Russia,Pannier,87625059
22023,2/5/2022,wolivello2w@networkadvertising.org,Waring,Olivello,Dabshots,Russia,Stronghold,17861569
10358,2/4/2022,amcgiffin2x@state.tx.us,Anthea,Mc Giffin,Rhyloo,China,Domainer,486453025452
14744,2/19/2022,vzorro2y@goo.gl,Veradis,Zorro,Miboo,China,Quo Lux,87842748
82701,2/6/2022,urawson2z@angelfire.com,Ula,Rawson,Wikido,Japan,Keylex,154026121312
36497,2/14/2022,sroyans30@harvard.edu,Sharl,Royans,Zoozzy,Vietnam,Bamity,714949243039
20387,2/12/2022,rmannakee31@howstuffworks.com,Randy,Mannakee,Jabberstorm,Slovenia,Flowdesk,943998334666
77882,2/23/2022,sjewis32@businesswire.com,Sanders,Jewis,Twinte,Kenya,Matsoft,7011774148
02981,2/9/2022,mnoton33@nsw.gov.au,Marijn,Noton,Demimbu,Indonesia,Domainer,3645963414
49403,2/15/2022,brogans34@nyu.edu,Banky,Rogans,Youtags,Vietnam,Fintone,1664844424
31339,2/3/2022,aoland35@posterous.com,Adorne,Oland,Plajo,Croatia,Opela,32310992
58611,2/1/2022,nbugdell36@squarespace.com,Neron,Bugdell,Aimbo,China,Redhold,7073
66538,2/14/2022,swindless37@yellowpages.com,Sibel,Windless,Twitternation,Poland,Greenlam,198123
72670,2/10/2022,fcastanyer38@xinhuanet.com,Fonsie,Castanyer,Jabbersphere,Philippines,It,520645
10330,2/13/2022,mtann39@amazon.co.uk,Marcel,Tann,InnoZ,Poland,Viva,2877980045
50661,2/1/2022,ncamblin3a@usa.gov,Nisse,Camblin,Vitz,Philippines,Bamity,3760298938
57061,2/21/2022,lmaso3b@who.int,Loraine,Maso,Babbleset,Mexico,Alpha,088068
40775,2/18/2022,wballinghall3c@myspace.com,Wright,Ballinghall,Wikido,Portugal,Daltfresh,806502
59108,2/9/2022,zyes3d@nydailynews.com,Zaneta,Yes,Bubbletube,Greece,Konklux,578120696179
96091,2/11/2022,rmaccague3e@miibeian.gov.cn,Raye,MacCague,Skidoo,China,Sonair,8771669072
79778,2/9/2022,oovill3f@over-blog.com,Obadiah,Ovill,Rhynyx,South Africa,Y-find,9550000883
71426,2/1/2022,ngodridge3g@facebook.com,Norbert,Godridge,Kwilith,China,Bytecard,03674463
91803,2/16/2022,cgoodbody3h@google.fr,Callean,Goodbody,Omba,Brazil,Y-find,55538025
20685,2/20/2022,mlambard3i@chicagotribune.com,Martina,Lambard,Topicware,Poland,Lotstring,67528276
13637,2/9/2022,krutland3j@wordpress.com,Katey,Rutland,Twinder,Indonesia,Opela,1250815485
91618,2/11/2022,mdoig3k@abc.net.au,Myrtie,Doig,Thoughtmix,China,Tempsoft,629105
56902,2/19/2022,mmowson3l@boston.com,Monica,Mowson,Divavu,Brazil,Y-find,21582392
29267,2/19/2022,talessandrelli3m@tuttocitta.it,Tobe,Alessandrelli,Vitz,Malaysia,Alphazap,38300740
67871,2/18/2022,gdurand3n@1688.com,Gertruda,Durand,Zoovu,China,Andalax,0302094823
87003,2/16/2022,mmclagan3o@boston.com,Milissent,McLagan,Layo,Poland,Quo Lux,29327761
11112,2/7/2022,lchamberlin3p@examiner.com,Lorant,Chamberlin,Aivee,Thailand,Sonair,6698
61397,2/9/2022,shandrick3q@nasa.gov,Sheelah,Handrick,Youspan,Serbia,Hatity,314876
14412,2/14/2022,costler3r@wordpress.com,Cordy,Ostler,Voolith,Honduras,It,2306236647
19489,2/5/2022,bcicero3s@mashable.com,Blithe,Cicero,Thoughtmix,Kazakhstan,Stronghold,69931778
65475,2/18/2022,kfermor3t@delicious.com,Kalle,Fermor,Ailane,Portugal,Veribet,07553655
17554,2/15/2022,mkubica3u@forbes.com,Miles,Kubica,Dabshots,Czech Republic,Solarbreeze,7175965192
69758,2/20/2022,egianni3v@msu.edu,Elna,Gianni,Pixoboo,China,Zaam-Dox,89122930
89387,2/20/2022,jtanman3w@facebook.com,Jourdan,Tanman,Photofeed,Greece,Viva,3288931203
56899,2/6/2022,jpossell3x@forbes.com,Jo,Possell,Dabtype,Japan,Namfix,17063825
80288,2/5/2022,aagglio3y@histats.com,Alasteir,Agglio,Trupe,France,Tampflex,905955
81967,2/14/2022,tmildenhall3z@vistaprint.com,Tate,Mildenhall,Feedfish,Brazil,Y-Solowarm,92969997
65975,2/23/2022,lbehrens40@prweb.com,Lynn,Behrens,Kaymbo,China,Kanlam,69595230
87053,2/1/2022,oslay41@sfgate.com,Orelie,Slay,Quatz,Serbia,Zontrax,0760528395
32660,2/17/2022,lcorsan42@soup.io,Lynn,Corsan,BlogXS,Canada,Zoolab,58736431
58390,2/16/2022,dwaddell43@oracle.com,Davida,Waddell,Skyvu,Argentina,Keylex,01868349
38170,2/17/2022,bwapple44@globo.com,Beale,Wapple,Katz,Nigeria,Bamity,2800378340
81934,2/15/2022,shadlee45@livejournal.com,Savina,Hadlee,Kare,Indonesia,Regrant,0241235060
59066,2/20/2022,cjaskowicz46@jiathis.com,Carl,Jaskowicz,Jayo,Colombia,Bytecard,23859769
43873,2/14/2022,knerheny47@xinhuanet.com,Klarrisa,Nerheny,Yacero,Indonesia,Regrant,3647681247
67078,2/18/2022,vjepp48@digg.com,Verne,Jepp,Yozio,China,Bamity,852068
25952,2/5/2022,cpoleykett49@skype.com,Conn,Poleykett,Plajo,Indonesia,Konklux,1204294779
82817,2/10/2022,bpfiffer4a@tripadvisor.com,Boony,Pfiffer,Dabtype,China,Domainer,85268314
60478,2/6/2022,pcockshot4b@multiply.com,Petra,Cockshot,Fliptune,China,Zontrax,816163
24061,2/12/2022,bduligall4c@earthlink.net,Balduin,Duligall,Shufflester,Ireland,Gembucket,746407
26137,2/17/2022,cpopple4d@phpbb.com,Cristine,Popple,Jayo,Djibouti,Bamity,7257279070
46861,2/13/2022,sgravy4e@omniture.com,Sophey,Gravy,Thoughtblab,Indonesia,Matsoft,63196172
87038,2/20/2022,bsinkinson4f@aol.com,Barbey,Sinkinson,Meezzy,Philippines,Bitwolf,0225512293
02937,2/12/2022,jquadrio4g@ameblo.jp,Jere,Quadrio,Brainverse,Liberia,Bitwolf,8809
12003,2/13/2022,bgepp4h@drupal.org,Bethina,Gepp,Dynabox,Pakistan,Stim,2227693798
48339,2/15/2022,hfreeborn4i@apache.org,Halette,Freeborn,Feedfire,Vietnam,Cookley,5382916439
19078,2/3/2022,bmctrustie4j@sohu.com,Baillie,McTrustie,Thoughtworks,Greece,Trippledex,701471
62777,2/16/2022,bcauldfield4k@nhs.uk,Brittne,Cauldfield,Twiyo,Russia,Andalax,727832
32672,2/10/2022,mfowkes4l@geocities.com,Marmaduke,Fowkes,Fatz,Brazil,Tresom,1332949713
84158,2/22/2022,ragius4m@flickr.com,Rita,Agius,Mynte,Indonesia,Subin,613854112115
56778,2/20/2022,vchezelle4n@usatoday.com,Vasilis,Chezelle,Wordpedia,Indonesia,Ronstring,58723142
53975,2/19/2022,brea4o@123-reg.co.uk,Brock,Rea,Meetz,Indonesia,Rank,541246
36668,2/17/2022,bwield4p@hud.gov,Becky,Wield,Talane,China,Voltsillam,56232400
34514,2/17/2022,kslay4q@4shared.com,Kristofor,Slay,Yodoo,France,Voltsillam,2105814075
38412,2/5/2022,lbinch4r@live.com,Lance,Binch,Katz,Poland,Andalax,2347
25254,2/12/2022,sskeldon4s@wordpress.com,Shane,Skeldon,Dynabox,Ukraine,Treeflex,6085
27162,2/8/2022,acurless4t@flickr.com,Allix,Curless,Youspan,Brazil,Wrapsafe,353122
65861,2/4/2022,arigolle4u@networkadvertising.org,Aldric,Rigolle,Kwilith,Finland,Cardguard,7777788326
03631,2/10/2022,sbecerro4v@marriott.com,Sandro,Becerro,Zoonoodle,Philippines,Bitwolf,49480824
53539,2/20/2022,ishrigley4w@chronoengine.com,Ibbie,Shrigley,Quaxo,Philippines,Ventosanzap,909724817784
81289,2/14/2022,ppahler4x@amazon.de,Prescott,Pahler,Divavu,Colombia,Bytecard,36765939
51053,2/2/2022,fliddiard4y@mlb.com,Francyne,Liddiard,Eabox,Russia,Span,23743553
62923,2/16/2022,agarrison4z@ifeng.com,Abram,Garrison,Bubbletube,Mexico,Bitwolf,14967603
75132,2/11/2022,lreglar50@google.com.br,Lind,Reglar,Wikibox,Portugal,Cookley,88667053
28646,2/7/2022,bsaddler51@wikia.com,Baxie,Saddler,Vitz,China,Prodder,22582181
17359,2/1/2022,mstetlye52@diigo.com,Mickey,Stetlye,Browsetype,Uganda,Lotstring,427985
53529,2/14/2022,apinckard53@cam.ac.uk,Aline,Pinckard,Eidel,Argentina,Zaam-Dox,37202630
02799,2/9/2022,mrentalll54@nifty.com,Maure,Rentalll,Twitternation,Canada,Greenlam,442777412690
23985,2/23/2022,obissex55@istockphoto.com,Ora,Bissex,Buzzbean,Finland,Sonsing,895535
62097,2/18/2022,kdummer56@dedecms.com,Killie,Dummer,Twimm,Philippines,Treeflex,264977
61462,2/13/2022,mfelten57@examiner.com,Marinna,Felten,Kwimbee,China,Aerified,2334085246
74599,2/15/2022,cplitz58@clickbank.net,Christopher,Plitz,Feedfire,Mexico,Stringtough,88374384
48966,2/12/2022,jwitcomb59@wsj.com,Johnette,Witcomb,Fanoodle,France,Lotstring,6211
47842,2/11/2022,tmurty5a@google.pl,Terza,Murty,InnoZ,Peru,Voyatouch,047116
49232,2/12/2022,hspaunton5b@nymag.com,Horst,Spaunton,Brainsphere,Nigeria,Holdlamis,10250210
47546,2/23/2022,cdonnelly5c@e-recht24.de,Clevey,Donnelly,Jaxspan,Morocco,Regrant,89551693
93340,2/15/2022,mfitzgeorge5d@auda.org.au,Mac,FitzGeorge,Quatz,Ukraine,Tin,6029680561
93912,2/4/2022,spykerman5e@usgs.gov,Stavros,Pykerman,Midel,Russia,Job,42876003
00454,2/8/2022,tmaryman5f@tinypic.com,Timmy,Maryman,Gabspot,France,Zathin,76103596
86348,2/3/2022,hfinlater5g@nbcnews.com,Hansiain,Finlater,Flipstorm,Brazil,Flexidy,92281409
58021,2/16/2022,lrosenberg5h@trellian.com,Linette,Rosenberg,Yodoo,Brazil,Temp,285408939878
23215,2/23/2022,mcarnier5i@dion.ne.jp,Micki,Carnier,Wikivu,Iran,Opela,2180
83471,2/1/2022,mrignoldes5j@amazon.de,Mariann,Rignoldes,Jabbersphere,France,Matsoft,8209475580
02192,2/21/2022,edjekic5k@reuters.com,Estele,Djekic,Kazu,Russia,Gembucket,371552
37832,2/6/2022,aduker5l@theguardian.com,Aaron,Duker,Shufflester,South Korea,Keylex,09584884
02696,2/14/2022,jblew5m@gravatar.com,Jamey,Blew,Zazio,Honduras,Stringtough,51056591
98418,2/3/2022,spiscopello5n@gov.uk,Sarine,Piscopello,Skinte,Portugal,Quo Lux,114604833301
65212,2/7/2022,rdudliston5o@merriam-webster.com,Robinetta,Dudliston,Dynazzy,China,Greenlam,291631
43195,2/11/2022,bwitton5p@latimes.com,Brita,Witton,Zoomzone,Niger,Greenlam,96719292
28792,2/13/2022,hwoodman5q@spiegel.de,Heather,Woodman,Tagchat,Macedonia,Pannier,48525271
37704,2/13/2022,senticknap5r@netvibes.com,Sherilyn,Enticknap,Kazu,Russia,Hatity,1038631001
62839,2/19/2022,sfelgate5s@tumblr.com,Sinclare,Felgate,Oodoo,Namibia,Bamity,5626
12975,2/15/2022,ebatie5t@blinklist.com,Evvy,Batie,Rhynoodle,Indonesia,Konklux,0584419917
98916,2/4/2022,lelders5u@moonfruit.com,Lamar,Elders,Mynte,France,Trippledex,3611865497
89574,2/4/2022,tgittus5v@cpanel.net,Travers,Gittus,Leenti,Cameroon,Home Ing,9002833881
51280,2/4/2022,sfiennes5w@studiopress.com,Sargent,Fiennes,Einti,Brazil,Opela,535654
50979,2/23/2022,stinline5x@zdnet.com,Sherilyn,Tinline,Ainyx,Thailand,Regrant,55301929
89653,2/10/2022,wmacartney5y@cpanel.net,Welsh,Macartney,Quinu,Finland,Tampflex,7345
88089,2/5/2022,dbloxsome5z@ask.com,Dell,Bloxsome,Dynazzy,Venezuela,Redhold,879688
95478,2/1/2022,gkrolle60@youtube.com,Garreth,Krolle,Devpulse,Canada,Bigtax,08491769
26507,2/4/2022,hlaughrey61@youtu.be,Hephzibah,Laughrey,Eare,China,Zontrax,71537642
36031,2/15/2022,hnitto62@weather.com,Helaina,Nitto,Jamia,Reunion,Duobam,45276635
54658,2/10/2022,meye63@a8.net,Morse,Eye,Lazzy,Russia,Flowdesk,7709
58821,2/10/2022,kbeinisch64@google.com.au,Karel,Beinisch,Dabjam,Philippines,Konklux,0098142458
58061,2/23/2022,seastham65@phpbb.com,Sephira,Eastham,Oyonder,Nigeria,Duobam,4598235908
65966,2/6/2022,fortiger66@dagondesign.com,Fax,Ortiger,Zoomlounge,China,Ronstring,693282
97008,2/7/2022,btoderi67@geocities.jp,Berna,Toderi,Divavu,Philippines,Namfix,6602272642
61872,2/20/2022,cshrieve68@elegantthemes.com,Carlin,Shrieve,Roodel,China,Zaam-Dox,94080624
30516,2/8/2022,mlillie69@barnesandnoble.com,Mari,Lillie,Brainsphere,Greece,It,8072309226
62217,2/3/2022,mtruckett6a@about.me,Marylee,Truckett,Teklist,Philippines,Regrant,0887621057
15462,2/22/2022,bouchterlony6b@homestead.com,Berry,Ouchterlony,Skajo,Malaysia,Cookley,4131996987
67933,2/2/2022,ylovelace6c@columbia.edu,Yettie,Lovelace,Voonte,Indonesia,Flexidy,714405458547
70751,2/21/2022,nproudman6d@jigsy.com,Nadean,Proudman,Kwideo,Philippines,Flexidy,09873227
17484,2/14/2022,oquittonden6e@latimes.com,Olav,Quittonden,Chatterpoint,Portugal,Cardify,2077
88811,2/14/2022,cnewsome6f@sogou.com,Chen,Newsome,Gabtune,Egypt,Hatity,625067
72346,2/12/2022,ndrinkwater6g@wikia.com,Nev,Drinkwater,Camido,Ukraine,Job,73097295
36778,2/12/2022,hhorry6h@slashdot.org,Humfrid,Horry,Yoveo,Palestinian Territory,Zamit,6233278166
86954,2/22/2022,dmacparland6i@nps.gov,Drusy,MacParland,Fliptune,Philippines,Flexidy,67715999
74047,2/19/2022,tpreece6j@msu.edu,Tabbitha,Preece,Jabbersphere,Philippines,Mat Lam Tam,866414
77667,2/20/2022,pcosser6k@google.com.br,Phip,Cosser,Yambee,Indonesia,Mat Lam Tam,2457395404
56846,2/9/2022,gdepinna6l@jiathis.com,Giacinta,de Pinna,Realcube,Indonesia,Veribet,98495608
70798,2/12/2022,makam6m@prlog.org,Maria,Akam,Kwimbee,China,Bytecard,59476999
99643,2/18/2022,tbenitez6n@huffingtonpost.com,Tresa,Benitez,Topicstorm,Indonesia,Zathin,601474610748
33462,2/15/2022,pmasding6o@ning.com,Peyter,Masding,Edgewire,China,Konklab,710742
71578,2/8/2022,wgabbatt6p@nih.gov,Wenonah,Gabbatt,Yombu,Indonesia,Daltfresh,77246336
53175,2/4/2022,dklaggeman6q@webeden.co.uk,De witt,Klaggeman,Thoughtsphere,Mexico,Domainer,3196132081
94638,2/20/2022,mstourton6r@geocities.com,Mannie,Stourton,Janyx,Iraq,Stim,471146596991
91036,2/22/2022,rkeatley6s@dailymotion.com,Raynell,Keatley,Wikizz,Micronesia,Tampflex,494185
78733,2/14/2022,ahawson6t@freewebs.com,Anett,Hawson,Avamba,China,Otcom,8865
12636,2/16/2022,mgerry6u@mit.edu,Marion,Gerry,Trunyx,Sweden,It,649166
49888,2/22/2022,mscreech6v@hostgator.com,Mort,Screech,Flashpoint,China,Solarbreeze,4019333107
68458,2/5/2022,ugiriardelli6w@yahoo.com,Ulysses,Giriardelli,InnoZ,Mayotte,Rank,8999531712
05888,2/23/2022,ndevaney6x@hostgator.com,Nickolaus,Devaney,Gabcube,Sweden,Tampflex,11517802
56602,2/16/2022,gpagnin6y@ted.com,Gael,Pagnin,Dabshots,Azerbaijan,Bitchip,6324084802
87801,2/6/2022,ntreherne6z@tiny.cc,Nealon,Treherne,Shufflebeat,Indonesia,Cookley,78663698
96189,2/15/2022,fmelmore70@a8.net,Felice,Melmore,Ntags,United States,Stim,7136129692
51323,2/13/2022,blemmanbie71@harvard.edu,Bonnie,Lemmanbie,Zoomlounge,South Korea,Sonsing,9547600944
56988,2/18/2022,cbatchley72@g.co,Coraline,Batchley,Voolia,Sri Lanka,Subin,15125921
09679,2/5/2022,rhubbucke73@ask.com,Rosalie,Hubbucke,Rooxo,Bangladesh,Duobam,90877099
13560,2/23/2022,eflicker74@loc.gov,Ev,Flicker,Vinte,Eritrea,Bitwolf,6883465736
35413,2/18/2022,astoffer75@whitehouse.gov,Aldin,Stoffer,Mycat,Cameroon,Y-find,12530827
92744,2/1/2022,bmanagh76@google.co.uk,Bernie,Managh,Twinte,China,Veribet,5582196140
47563,2/10/2022,wovens77@si.edu,Wilek,Ovens,Flipstorm,Indonesia,Regrant,67295086
38459,2/11/2022,kwoodruffe78@amazon.com,Ky,Woodruffe,Kimia,United States,Cardify,4046170345
89510,2/17/2022,gthornbarrow79@theatlantic.com,Gannon,Thornbarrow,Mynte,Philippines,Toughjoyfax,9639263336
52306,2/7/2022,lthoms7a@instagram.com,Lilian,Thoms,Kaymbo,Indonesia,Mat Lam Tam,523111
02056,2/5/2022,tesp7b@house.gov,Tonye,Esp,Agimba,Pakistan,Hatity,65915155
13966,2/7/2022,hpalle7c@diigo.com,Hewitt,Palle,Shuffledrive,Indonesia,Wrapsafe,302345
64919,2/18/2022,bwalkington7d@seattletimes.com,Bar,Walkington,Jabbersphere,China,Job,979111
12459,2/23/2022,kaherne7e@japanpost.jp,Kale,Aherne,Geba,Russia,Bitchip,099093
86022,2/16/2022,rlomis7f@vistaprint.com,Royall,Lomis,Fivechat,Japan,Sonair,55069673
17163,2/7/2022,dkitchinham7g@sfgate.com,Dorelle,Kitchinham,Skibox,Indonesia,Home Ing,914548
53643,2/20/2022,awilbud7h@privacy.gov.au,Aloise,Wilbud,Youspan,France,Tin,44907965
40121,2/21/2022,jkaspar7i@people.com.cn,Janette,Kaspar,Cogibox,China,Domainer,04486747
75370,2/17/2022,blamerton7j@admin.ch,Barret,Lamerton,Thoughtsphere,Peru,Regrant,17969804
31518,2/11/2022,kgymblett7k@trellian.com,Karla,Gymblett,Gigashots,Indonesia,Aerified,5292983393
86071,2/6/2022,mfoxwell7l@mashable.com,Maxine,Foxwell,Jaxnation,China,Home Ing,9418377536
41322,2/15/2022,nschoolfield7m@fema.gov,Neils,Schoolfield,Eidel,Russia,Voltsillam,82939274
03851,2/2/2022,dswainger7n@odnoklassniki.ru,Dieter,Swainger,Bubbletube,China,Otcom,2206069753
75643,2/11/2022,xlambrick7o@discovery.com,Xylia,Lambrick,Avaveo,Peru,Zathin,215600
27460,2/8/2022,ksurphliss7p@geocities.jp,Korie,Surphliss,Wikibox,Indonesia,Zamit,17256392
87362,2/2/2022,egiffaut7q@go.com,Erda,Giffaut,Shufflester,Yemen,Voyatouch,595925
51955,2/22/2022,aalbery7r@eepurl.com,Ardyce,Albery,Tavu,Netherlands,Cardguard,54056143
15881,2/6/2022,churren7s@themeforest.net,Cesaro,Hurren,Quinu,Czech Republic,Sonair,851346
35072,2/18/2022,igartery7t@businesswire.com,Isaiah,Gartery,Realcube,Slovenia,Stronghold,840530
30079,2/5/2022,ndimitru7u@marketwatch.com,Nikos,Dimitru,Skiptube,China,Tresom,8140200860
18584,2/20/2022,lvanarsdall7v@about.com,Luisa,Van Arsdall,Podcat,Palestinian Territory,Viva,84689561
38684,2/16/2022,wbaldacco7w@yelp.com,Waldemar,Baldacco,Linkbuzz,Philippines,Rank,630813
25873,2/22/2022,gcaddell7x@wunderground.com,Genny,Caddell,Photobug,France,Flexidy,67202068
90210,2/15/2022,itweede7y@ifeng.com,Izzy,Tweede,Rhynyx,China,Pannier,737349
76805,2/16/2022,drowlands7z@cbslocal.com,Deva,Rowlands,Fiveclub,Tajikistan,Stringtough,36449396
57070,2/18/2022,bcritchell80@examiner.com,Bronnie,Critchell,Ozu,United States,Alphazap,8482890391
08696,2/19/2022,apurveys81@friendfeed.com,Adelaide,Purveys,Dynazzy,Russia,Namfix,5695750471
21152,2/14/2022,abard82@google.com.br,Angil,Bard,Plajo,Poland,Cardguard,88329234
13057,2/6/2022,lbahls83@istockphoto.com,Launce,Bahls,JumpXS,Poland,Stim,40532316
03984,2/13/2022,mmafham84@cnet.com,Matthieu,Mafham,Thoughtworks,China,Temp,720911
79092,2/15/2022,gboothroyd85@aboutads.info,Gaston,Boothroyd,Skidoo,Israel,Bytecard,45895043
38947,2/13/2022,rsams86@ucoz.ru,Raymond,Sams,Riffwire,Liberia,Zamit,55683784
37725,2/15/2022,gcollett87@google.com.hk,Gwen,Collett,Jazzy,Thailand,Biodex,7510492307
63123,2/7/2022,rnana88@sbwire.com,Roch,Nana,Skaboo,Russia,Quo Lux,686626398552
13823,2/15/2022,bscothorn89@instagram.com,Bevan,Scothorn,Eazzy,Latvia,Temp,10124481
27500,2/20/2022,lwinslett8a@nhs.uk,Leif,Winslett,Edgepulse,Portugal,Flexidy,7709723810
05995,2/6/2022,sclace8b@vkontakte.ru,Starlin,Clace,Gevee,Peru,Namfix,792365
84003,2/9/2022,hgiovannilli8c@reference.com,Halley,Giovannilli,Buzzshare,China,Trippledex,059588
16168,2/17/2022,adonett8d@unblog.fr,Alexander,Donett,Skimia,China,Alpha,498346
67881,2/21/2022,gmcteggart8e@linkedin.com,Gabriel,McTeggart,Meevee,China,Fixflex,77393443
01777,2/5/2022,achitson8f@intel.com,Amerigo,Chitson,Youopia,Philippines,Ronstring,272808
77853,2/6/2022,abatteson8g@army.mil,Alysa,Batteson,Kimia,China,Home Ing,493098
67591,2/3/2022,cbodycomb8h@hugedomains.com,Callida,Bodycomb,Shufflebeat,Mozambique,Keylex,6847367794
43773,2/1/2022,gidiens8i@networksolutions.com,Gabby,Idiens,Gabtype,Estonia,Biodex,904323
68115,2/5/2022,coxe8j@ucsd.edu,Christel,Oxe,Kamba,Philippines,Otcom,76246515
49337,2/10/2022,pperl8k@wordpress.com,Pearce,Perl,Jaxbean,Belarus,Fixflex,559738
94992,2/8/2022,rstarbucke8l@ovh.net,Rachel,Starbucke,Fivebridge,China,Viva,850398
23601,2/2/2022,sripley8m@yellowbook.com,Sofia,Ripley,Podcat,Ghana,Andalax,756422
68354,2/8/2022,rockenden8n@behance.net,Redford,Ockenden,Gigashots,France,Aerified,0465549291
16557,2/13/2022,wfarey8o@seesaa.net,Wesley,Farey,Geba,Portugal,Kanlam,417069691923
70543,2/9/2022,hvickerstaff8p@xrea.com,Hester,Vickerstaff,Kwinu,Philippines,Daltfresh,661364
16213,2/20/2022,mpaxton8q@list-manage.com,Maud,Paxton,Blogtag,Sao Tome and Principe,Mat Lam Tam,40985776
84379,2/2/2022,tzolini8r@elegantthemes.com,Tedi,Zolini,Quire,Serbia,Opela,173029
20121,2/12/2022,adoge8s@hibu.com,Allis,Doge,Bluejam,Russia,Quo Lux,7179
40182,2/9/2022,tsands8t@yandex.ru,Thom,Sands,Oyonder,United States,Fintone,12066520
20381,2/18/2022,lgeorgeon8u@yahoo.co.jp,Lanny,Georgeon,Yabox,Syria,Job,32139029
02392,2/10/2022,glovstrom8v@vistaprint.com,Gwenore,Lovstrom,Quatz,Russia,Daltfresh,8843814556
72919,2/6/2022,sjanous8w@disqus.com,Sebastien,Janous,Zava,Vietnam,Latlux,414744
22413,2/17/2022,cshipperbottom8x@whitehouse.gov,Camey,Shipperbottom,Mydo,Poland,Flexidy,0825
81435,2/1/2022,ggrossier8y@mail.ru,Guglielma,Grossier,Photofeed,Tunisia,Span,22314482
74099,2/19/2022,scudde8z@ted.com,Sergent,Cudde,Skajo,France,Domainer,595399301232
97457,2/7/2022,amoughtin90@goodreads.com,Alys,Moughtin,Youbridge,China,Treeflex,2813991103
84407,2/22/2022,gvaughan91@google.co.uk,Genni,Vaughan,Skinix,Indonesia,Prodder,87598371
50001,2/12/2022,gtidbury92@symantec.com,Gayle,Tidbury,Nlounge,Jamaica,Y-find,50775404
53538,2/11/2022,cwalesa93@mail.ru,Carce,Walesa,Voonyx,United Kingdom,Home Ing,11506992
34671,2/16/2022,jyepiskov94@scientificamerican.com,Jarrad,Yepiskov,Roomm,Peru,Rank,65642700
58959,2/1/2022,cdaniels95@nps.gov,Collen,Daniels,Edgeclub,Peru,Quo Lux,74512096
71408,2/9/2022,gmckeefry96@jimdo.com,Gian,McKeefry,Brainsphere,China,Keylex,57344641
45610,2/11/2022,arens97@moonfruit.com,Augustus,Rens,Twitterbridge,Poland,Job,246054559826
44570,2/7/2022,akinch98@photobucket.com,Abraham,Kinch,Meevee,Indonesia,Domainer,090992
51416,2/2/2022,ccanedo99@techcrunch.com,Cornelia,Canedo,Babblestorm,China,Bitwolf,052519410272
19527,2/13/2022,klinkin9a@dailymotion.com,Kipp,Linkin,Thoughtworks,Norway,Rank,99520740
72775,2/17/2022,cpucknell9b@ucsd.edu,Christal,Pucknell,Wordtune,China,Viva,31842234
16728,2/12/2022,jfostersmith9c@archive.org,Jewell,Foster-Smith,Yambee,Colombia,Cookley,5478569207
55278,2/8/2022,imidford9d@nasa.gov,Ingeberg,Midford,Topicstorm,Palestinian Territory,Wrapsafe,1672
83115,2/14/2022,mmacgowing9e@networksolutions.com,Merna,MacGowing,Dazzlesphere,China,Zathin,539545
55591,2/9/2022,bmaccarlich9f@princeton.edu,Base,MacCarlich,Meetz,Portugal,Vagram,5480272237
68402,2/14/2022,otamburo9g@wisc.edu,Obadiah,Tamburo,Meeveo,Ireland,Lotlux,36099183
47379,2/1/2022,bgallahue9h@yolasite.com,Belinda,Gallahue,Zazio,China,Aerified,5345826826
47566,2/22/2022,cwiddall9i@thetimes.co.uk,Carina,Widdall,Muxo,Russia,Stronghold,18677417
14298,2/21/2022,gninnis9j@i2i.jp,Gennifer,Ninnis,Flashdog,Venezuela,Kanlam,777641
19595,2/14/2022,coconcannon9k@cam.ac.uk,Cynthea,O' Concannon,Gigabox,Pakistan,Job,7052655492
38454,2/13/2022,ssolomonides9l@storify.com,Shane,Solomonides,Voolia,Sweden,Fintone,4437581223
09869,2/12/2022,edewerk9m@yelp.com,Elicia,de Werk,Divape,Ecuador,Temp,995072152180
60463,2/10/2022,lmorriarty9n@sourceforge.net,Lynn,Morriarty,Camimbo,Venezuela,Zoolab,339955
08538,2/19/2022,mshear9o@ocn.ne.jp,Milt,Shear,Mydeo,Russia,Holdlamis,851199
62347,2/14/2022,swadge9p@opensource.org,Shea,Wadge,Twinder,Portugal,Opela,02321781
03881,2/3/2022,gsilbermann9q@bandcamp.com,Garey,Silbermann,Thoughtworks,China,Daltfresh,3645728932
97603,2/13/2022,mhaddrell9r@bigcartel.com,Marlon,Haddrell,Realpoint,Sweden,Span,4895060574
54685,2/11/2022,jmarien9s@clickbank.net,Jo-anne,Marien,Voonix,Norway,Kanlam,88680238
38015,2/16/2022,mworsfold9t@sfgate.com,Marya,Worsfold,Bluezoom,Portugal,Bitchip,0519234482
01792,2/4/2022,jmoorton9u@sciencedirect.com,Jean,Moorton,Bubblebox,Sudan,Voltsillam,84588818
93398,2/16/2022,jlangmaid9v@tinyurl.com,Josy,Langmaid,Gigaclub,Brazil,Namfix,4404900718
47930,2/4/2022,vaicheson9w@gnu.org,Vitoria,Aicheson,Livepath,Japan,Rank,01917651
83982,2/10/2022,arowland9x@hud.gov,Alfy,Rowland,Jaxnation,Brazil,Alpha,7605957227
96545,2/20/2022,eshatliff9y@printfriendly.com,Emlen,Shatliff,Demivee,Chile,Asoka,1889835688
11240,2/17/2022,kdeal9z@boston.com,Klement,Deal,LiveZ,Canada,Bigtax,472647
43266,2/3/2022,llodoa0@csmonitor.com,Lynelle,Lodo,Zoonder,Poland,Aerified,83881542
86707,2/13/2022,clocarnoa1@loc.gov,Corliss,Locarno,Mycat,China,Daltfresh,283263
05006,2/12/2022,mcrutcha2@myspace.com,Mildred,Crutch,Photobean,United States,Viva,5932049846
07624,2/4/2022,khowsdena3@geocities.com,Kimball,Howsden,Buzzdog,Vietnam,Stronghold,0138021656
05955,2/4/2022,gmcclevertya4@google.ca,Georgeta,McCleverty,Yodo,Russia,Stronghold,813909
93209,2/13/2022,lfahya5@goodreads.com,Lee,Fahy,Tanoodle,Serbia,Namfix,0965
83507,2/19/2022,cstangela6@tamu.edu,Catarina,St Angel,Babbleblab,China,Cardify,5257637370
89074,2/11/2022,jkupisa7@cmu.edu,Jaquelin,Kupis,Trunyx,Indonesia,Tin,7804622913
88754,2/15/2022,nmuckersiea8@livejournal.com,Noel,Muckersie,Avamm,Sri Lanka,Greenlam,934461
07429,2/20/2022,dasifa9@jugem.jp,Duffie,Asif,Topdrive,Japan,Kanlam,843369636886
60334,2/23/2022,tcoultaraa@deviantart.com,Tallia,Coultar,Twitterbeat,Russia,Mat Lam Tam,78876732
88985,2/17/2022,dnolleauab@shinystat.com,Dexter,Nolleau,Yamia,Malaysia,Subin,2446213199
87491,2/3/2022,lffrenchac@blogs.com,Latashia,Ffrench,Wikizz,Costa Rica,Trippledex,3929707739
19963,2/2/2022,rjacquestad@hexun.com,Roland,Jacquest,Lazz,Madagascar,Matsoft,714928
27023,2/3/2022,rsilcoxae@utexas.edu,Rodger,Silcox,Lazz,Czech Republic,Bamity,3612
46803,2/6/2022,cvanhaeftenaf@opera.com,Chandal,Van Haeften,Devify,Bulgaria,Tempsoft,2783277337
12043,2/1/2022,sthrasherag@yolasite.com,Silvio,Thrasher,Zoovu,United States,Cardify,008301960657
10996,2/5/2022,cjouannyah@pbs.org,Christian,Jouanny,Vimbo,Indonesia,Flowdesk,12480227
10111,2/1/2022,iwilkinsonai@blog.com,Idalina,Wilkinson,Edgetag,Afghanistan,Zoolab,44758086
98091,2/10/2022,afitchewaj@yandex.ru,Alexandra,Fitchew,Quaxo,China,Gembucket,33873144
77494,2/21/2022,aboysonak@addtoany.com,Amby,Boyson,Thoughtsphere,China,Toughjoyfax,13539963
94494,2/2/2022,bchastanetal@youku.com,Beck,Chastanet,InnoZ,Brazil,Y-Solowarm,8556762816
30494,2/14/2022,dbuncheram@discuz.net,Dasha,Buncher,Twinte,Thailand,Cookley,57511435
51273,2/8/2022,lpennyan@multiply.com,Linc,Penny,Flipopia,China,Bytecard,632754
35121,2/4/2022,rhrihorovichao@nsw.gov.au,Raf,Hrihorovich,Centimia,Philippines,Ventosanzap,18241104
85986,2/1/2022,fgwilliamsap@disqus.com,Farah,Gwilliams,Npath,Russia,Mat Lam Tam,3119441096
05372,2/21/2022,tjacklinaq@msu.edu,Terrie,Jacklin,Reallinks,Haiti,Tampflex,46802435
96826,2/2/2022,ewillbrahamar@mail.ru,Egbert,Willbraham,Tagchat,Indonesia,Voltsillam,391474960761
92347,2/18/2022,cmacdowalas@list-manage.com,Coriss,MacDowal,Yakitri,Colombia,Cardify,13596433
33304,2/1/2022,ydurat@t-online.de,Yolane,Dur,Topicware,Peru,Pannier,161579417568
36931,2/16/2022,agooseau@forbes.com,Adara,Goose,Blogspan,Czech Republic,Ronstring,84344575
94301,2/21/2022,mivantsovav@ovh.net,Mignonne,Ivantsov,Chatterbridge,Indonesia,Span,50221861
24989,2/12/2022,kdeblasiaw@tiny.cc,Kendrick,De Blasi,Browsetype,Japan,Tempsoft,05317556
62109,2/12/2022,nkobpalax@aol.com,Norene,Kobpal,Dazzlesphere,Japan,Stringtough,98622138
90715,2/5/2022,rgaizeay@sogou.com,Rosemonde,Gaize,Topicstorm,Portugal,Transcof,5578384674
48269,2/13/2022,npervoeaz@ftc.gov,Nissa,Pervoe,Zoozzy,Indonesia,Duobam,902868
16405,2/4/2022,aglandonb0@hhs.gov,Abbe,Glandon,Chatterpoint,Russia,Biodex,9857364492
05300,2/3/2022,ijuszczykb1@1688.com,Imelda,Juszczyk,Lazzy,Spain,Temp,07204546
47599,2/22/2022,naitkenb2@reddit.com,Noach,Aitken,Yakidoo,Poland,Treeflex,157769
24827,2/18/2022,rdelortb3@trellian.com,Rudiger,Delort,Bubblemix,China,Duobam,88001081
04861,2/14/2022,jmccoughanb4@nydailynews.com,Jo-ann,Mc Coughan,Skippad,Tanzania,Bigtax,203999
08674,2/3/2022,ranticb5@clickbank.net,Randie,Antic,Skyvu,Indonesia,Sonsing,8579
74608,2/14/2022,dmcbrydeb6@addtoany.com,Deena,McBryde,Roodel,France,Cookley,42586132
16535,2/9/2022,lcicettib7@oaic.gov.au,Liane,Cicetti,Edgeblab,Brazil,Home Ing,1642882546
38848,2/21/2022,nkmicickib8@opera.com,Nevile,Kmicicki,Kayveo,Poland,Zaam-Dox,710482
72701,2/1/2022,ndoggerellb9@spiegel.de,Nicki,Doggerell,Ntag,China,Ventosanzap,7449775298
71096,2/6/2022,dsyphusba@tripod.com,Dolf,Syphus,Dabtype,Australia,Bitchip,61427782
06597,2/12/2022,mabramsonbb@guardian.co.uk,Michal,Abramson,Mybuzz,Philippines,Alpha,44972448
94740,2/1/2022,enorthedgebc@theguardian.com,Evvy,Northedge,Vimbo,Yemen,Fix San,02971606
91358,2/16/2022,akelshawbd@github.com,Antoine,Kelshaw,Babbleset,Indonesia,Tin,743053
96946,2/14/2022,mastallbe@pcworld.com,Manny,Astall,Miboo,Finland,Bitwolf,93487179
57032,2/16/2022,acamousbf@hp.com,Aubry,Camous,Quaxo,Indonesia,Vagram,46703155
46643,2/14/2022,sfrisdickbg@ameblo.jp,Sylvan,Frisdick,Skinix,Czech Republic,Matsoft,9010543785
95066,2/21/2022,chofnerbh@va.gov,Cyb,Hofner,Kimia,Greece,Stim,860029
43936,2/6/2022,dleyshonbi@ucoz.com,Donella,Leyshon,Bubbletube,Kosovo,Flowdesk,634758
45622,2/19/2022,bsawnwybj@ted.com,Birgitta,Sawnwy,Brightbean,Portugal,Cookley,4178910444
18775,2/19/2022,jbroschbk@opensource.org,Julio,Brosch,Thoughtmix,United States,Stringtough,896892
62842,2/3/2022,ahaskewbl@a8.net,Arlie,Haskew,Realbridge,Paraguay,Cardguard,24839037
89954,2/17/2022,mgotecliffebm@japanpost.jp,Myrlene,Gotecliffe,Skinix,China,Asoka,32229237
96780,2/22/2022,hwoodwindbn@mlb.com,Hughie,Woodwind,Topiclounge,China,Bitwolf,695161
21358,2/23/2022,bsimanekbo@rediff.com,Brana,Simanek,Skyba,Belarus,Transcof,17050377
78893,2/13/2022,sravelbp@opera.com,Shela,Ravel,Yabox,Indonesia,Stringtough,767133
58460,2/22/2022,hstanlakebq@multiply.com,Harlen,Stanlake,Topicblab,Libya,Bytecard,738942
73685,2/12/2022,mcastrobr@yahoo.co.jp,Mariejeanne,Castro,Divanoodle,Philippines,Pannier,762405
58475,2/20/2022,ealmeidabs@nhs.uk,Elsworth,Almeida,Mybuzz,Cambodia,Latlux,608684
63337,2/13/2022,clivettbt@wordpress.com,Coop,Livett,Oodoo,Poland,Bamity,3235623095
04414,2/20/2022,rblackebybu@sogou.com,Rance,Blackeby,Trudoo,Russia,Prodder,51689815
71395,2/16/2022,hkirimaabv@bloglines.com,Henrieta,Kirimaa,Vimbo,Sudan,Matsoft,6924834368
62310,2/16/2022,jdelascybw@sphinn.com,Jordain,De Lascy,Buzzshare,Albania,Sonair,18983163
42498,2/8/2022,irickardsbx@hao123.com,Ingmar,Rickards,Yotz,China,Aerified,604612
43413,2/21/2022,bpunyerby@behance.net,Burton,Punyer,Kwinu,Uzbekistan,Temp,390382
79341,2/9/2022,gcorkanbz@aboutads.info,Giffard,Corkan,Avavee,Ukraine,Flexidy,497278122985
84373,2/19/2022,atournec0@free.fr,Alleen,Tourne,Wikizz,China,Temp,758395
72204,2/7/2022,hwhetherc1@chron.com,Hope,Whether,Agivu,Czech Republic,Home Ing,869283
39837,2/2/2022,bfreckeltonc2@ameblo.jp,Bordy,Freckelton,Tagopia,Cameroon,Ronstring,9516875585
65373,2/22/2022,escottic3@deliciousdays.com,Eduino,Scotti,Skidoo,Philippines,Zathin,18304196
80007,2/5/2022,ugenthnerc4@360.cn,Urson,Genthner,Shufflester,Russia,Kanlam,194096
16960,2/14/2022,ssaingc5@businesswire.com,Stacie,Saing,Avavee,Peru,Alpha,86749891
88343,2/9/2022,sbabarc6@networkadvertising.org,Somerset,Babar,Zooxo,Philippines,Bytecard,6240694565
85246,2/21/2022,arueggc7@blog.com,Abram,Ruegg,Brightbean,Japan,Domainer,92848441
52989,2/18/2022,jmartonc8@goodreads.com,Joya,Marton,Eazzy,Philippines,Rank,0696186938
91281,2/11/2022,bmainwaringc9@army.mil,Brittan,Mainwaring,Jaloo,Cuba,Namfix,110811
54285,2/2/2022,ctolworthieca@smh.com.au,Cooper,Tolworthie,Meezzy,Czech Republic,Stringtough,6879947791
94049,2/9/2022,koxtabycb@umich.edu,Korey,Oxtaby,Mycat,China,Stronghold,135123523103
05926,2/9/2022,dmcclymontcc@dmoz.org,Durand,McClymont,Yodo,China,Konklux,53183941
73337,2/15/2022,mthorntondewhirstcd@cafepress.com,Mel,Thornton-Dewhirst,Vitz,Indonesia,Subin,515771
95349,2/16/2022,djakucewiczce@yellowpages.com,Davidde,Jakucewicz,Avaveo,Russia,Fintone,07311478
67066,2/16/2022,klallycf@behance.net,Kattie,Lally,Avavee,China,Home Ing,6554992653
55726,2/6/2022,ljuriscg@ifeng.com,Lenci,Juris,Browsebug,Indonesia,Veribet,8563
70427,2/21/2022,bcudiffch@acquirethisname.com,Bayard,Cudiff,Zoomdog,China,Alpha,889139
49893,2/23/2022,cseabrockeci@seattletimes.com,Christy,Seabrocke,Cogilith,China,Y-Solowarm,82965806
22580,2/20/2022,bdematteiscj@loc.gov,Berne,De Matteis,Buzzdog,Ukraine,Cardguard,82497716
51239,2/7/2022,gpaishck@msu.edu,Glenine,Paish,Nlounge,Indonesia,Veribet,324401287356
48154,2/7/2022,aconnalcl@chronoengine.com,Anneliese,Connal,Teklist,Indonesia,Tres-Zap,332038
13998,2/10/2022,wmessiercm@chronoengine.com,Winna,Messier,Gabtype,Pakistan,Veribet,184855722578
13776,2/7/2022,dgatchelcn@163.com,Dniren,Gatchel,Zoozzy,Indonesia,Stronghold,583607
80721,2/5/2022,vlyndco@unblog.fr,Vivyan,Lynd,Edgeblab,Philippines,Asoka,744042
37165,2/16/2022,wmathieucp@about.com,Whitney,Mathieu,Twitterbridge,China,Kanlam,644678
73532,2/11/2022,amuldrewcq@census.gov,Arluene,Muldrew,Kwinu,Bolivia,Job,61688720
84162,2/22/2022,wheskinscr@aboutads.info,Wiley,Heskins,Linklinks,China,It,92836721
66152,2/6/2022,tnicollscs@google.pl,Tomlin,Nicolls,Quinu,Peru,Bytecard,00025949
41568,2/8/2022,rspraberryct@mapy.cz,Ronna,Spraberry,Realblab,Czech Republic,Mat Lam Tam,0835737978
61277,2/8/2022,egabbitiscu@si.edu,Ewell,Gabbitis,Livetube,China,Gembucket,7239
04024,2/4/2022,sbeckensallcv@adobe.com,Sherm,Beckensall,Tekfly,Ethiopia,Cookley,166658
05248,2/1/2022,barmatagecw@mozilla.com,Bary,Armatage,Shuffledrive,China,Fix San,9386591755
21802,2/21/2022,cbrogginicx@blogs.com,Constance,Broggini,Yata,U.S. Virgin Islands,Keylex,9828277956
83192,2/16/2022,dpeterscy@upenn.edu,Damita,Peters,Eimbee,Thailand,Ventosanzap,72677787
36539,2/6/2022,bbanbrickcz@edublogs.org,Basia,Banbrick,Voomm,United States,Viva,31321684
83235,2/17/2022,lbirkmyred0@army.mil,Langston,Birkmyre,Yakijo,Afghanistan,Bitwolf,83530216
88007,2/7/2022,rfountiand1@timesonline.co.uk,Reuven,Fountian,Izio,China,Job,45391224
15186,2/15/2022,dblancd2@scientificamerican.com,Delaney,Blanc,Quire,Armenia,Mat Lam Tam,38262420
20192,2/9/2022,jochiltreed3@xing.com,Jaclyn,Ochiltree,Browsebug,China,Zaam-Dox,32896500
44926,2/17/2022,tbauntond4@state.tx.us,Tammy,Baunton,Gigazoom,Iraq,Latlux,067651
10370,2/14/2022,ccahend5@google.ru,Caprice,Cahen,Jayo,Egypt,Sub-Ex,847254
76197,2/15/2022,cfroschd6@sphinn.com,Cathlene,Frosch,Demizz,Russia,Gembucket,6909284372
09338,2/3/2022,fbittlestoned7@army.mil,Fabian,Bittlestone,Thoughtbeat,China,Overhold,7741892360
16418,2/22/2022,vdunstond8@toplist.cz,Venus,Dunston,Skajo,United States,Voltsillam,308416
19131,2/22/2022,clugsdind9@comcast.net,Charity,Lugsdin,Blognation,Dominican Republic,Pannier,9672338532
92028,2/14/2022,evollethda@msu.edu,Ennis,Volleth,Skyvu,Russia,Subin,29505249
80488,2/12/2022,eerbaindb@trellian.com,Elnora,Erbain,Voonyx,China,Asoka,292490859943
73230,2/8/2022,gstutelydc@guardian.co.uk,Genevra,Stutely,Voonder,Philippines,Stringtough,410309991468
12316,2/15/2022,boakwooddd@wsj.com,Bernita,Oakwood,Jaxnation,Czech Republic,Zathin,97993332
49276,2/1/2022,abirniede@tiny.cc,Abbie,Birnie,Flipstorm,Brazil,Otcom,83987660
10578,2/13/2022,mdolbydf@ucoz.ru,Maje,Dolby,Thoughtmix,Haiti,Subin,27162957
03278,2/20/2022,lseersdg@nydailynews.com,Lennie,Seers,Realcube,Cape Verde,Span,11857781
50653,2/1/2022,grymandh@wikia.com,Gerri,Ryman,Tavu,China,Stronghold,1907
01633,2/20/2022,asmolandi@bloglovin.com,Anthia,Smolan,Gigaclub,Ireland,Voyatouch,3056190046
70532,2/3/2022,oshurmerdj@opera.com,Odilia,Shurmer,Vinte,Poland,Namfix,288175
80345,2/12/2022,blamplughdk@un.org,Bert,Lamplugh,Realcube,Czech Republic,Tres-Zap,32528393
87492,2/23/2022,lallerydl@example.com,Leanor,Allery,Quamba,Argentina,Transcof,552310
31727,2/13/2022,gmethuendm@weebly.com,Gizela,Methuen,Kare,Indonesia,Transcof,353613
15546,2/7/2022,sbarrettdn@joomla.org,Sibylle,Barrett,Vidoo,Poland,Cookley,5144315519
93743,2/9/2022,hbearcockdo@yolasite.com,Hillyer,Bearcock,Oyoloo,Luxembourg,Sonsing,98220755
56551,2/8/2022,gfleotedp@google.com.hk,Gwendolin,Fleote,Geba,United States,Regrant,84163457
00152,2/21/2022,cwebbdq@alibaba.com,Cacilia,Webb,Devshare,United States,Solarbreeze,327029
73117,2/16/2022,arassmanndr@oaic.gov.au,Alli,Rassmann,Yozio,Netherlands,Veribet,4083
71507,2/8/2022,bdanielsohnds@odnoklassniki.ru,Ber,Danielsohn,Brightbean,Japan,Toughjoyfax,023985
96391,2/10/2022,ralexanderdt@squarespace.com,Rustin,Alexander,Jazzy,Poland,Tres-Zap,426142
15031,2/19/2022,nleybandu@google.de,Nalani,Leyban,Skyndu,Philippines,Stim,615189
14440,2/3/2022,gkemstondv@aol.com,Godart,Kemston,Youopia,Sweden,Keylex,98348358
74840,2/22/2022,ygorvindw@clickbank.net,Yvor,Gorvin,Voonte,Philippines,Rank,3967399492
32431,2/13/2022,gbattersbydx@geocities.com,Gerard,Battersby,Realbuzz,Honduras,Fixflex,378518
91697,2/16/2022,gmacgiffindy@mac.com,Gerry,MacGiffin,Gabtype,Japan,Fintone,042198
54934,2/4/2022,chaddowdz@marriott.com,Channa,Haddow,Thoughtblab,Russia,Greenlam,17385621
67337,2/7/2022,daidlere0@webs.com,Dixie,Aidler,Layo,South Africa,Trippledex,101828
59931,2/17/2022,mdelabarree1@opera.com,Maure,De la Barre,Youspan,Brazil,Pannier,35850006
40849,2/7/2022,oscanterburye2@cnbc.com,Olav,Scanterbury,Riffpath,Poland,Otcom,94621279
87112,2/5/2022,cshrawleye3@nih.gov,Chadwick,Shrawley,Jaxnation,China,Kanlam,6188926692
86999,2/12/2022,cstrydee4@rakuten.co.jp,Candie,Stryde,Oozz,Poland,Biodex,05128835
32799,2/8/2022,abrewsee5@telegraph.co.uk,Arron,Brewse,Yotz,Russia,Redhold,502413
19430,2/16/2022,jlangmaide6@answers.com,Jackie,Langmaid,Kanoodle,Philippines,Opela,6735176141
13101,2/23/2022,lchiommientie7@craigslist.org,Leda,Chiommienti,Thoughtsphere,China,Veribet,29081672
93108,2/10/2022,mpiddlee8@home.pl,Maryl,Piddle,Geba,China,Andalax,34685328
97844,2/5/2022,wlondsdalee9@theatlantic.com,Wilmar,Londsdale,Innotype,Gambia,Konklab,1674079090
34655,2/23/2022,cremingtonea@ucoz.ru,Chick,Remington,Mynte,Peru,Kanlam,65174114
82887,2/15/2022,rsimouneteb@macromedia.com,Rickie,Simounet,Edgeclub,China,Sub-Ex,463760
15346,2/6/2022,jgibbardec@about.me,Jareb,Gibbard,Yadel,Brazil,Veribet,04365635
61952,2/23/2022,bpaysed@homestead.com,Bayard,Pays,Skilith,Democratic Republic of the Congo,Job,383861645835
15329,2/19/2022,laymericee@vimeo.com,Leone,Aymeric,Gigabox,Uzbekistan,Wrapsafe,844385
33157,2/17/2022,ctankinef@si.edu,Chrystal,Tankin,Plambee,Albania,Veribet,59347957
19770,2/10/2022,aabrahmeg@merriam-webster.com,Ara,Abrahm,Mydeo,China,Tres-Zap,8850110846
00643,2/22/2022,jkennfordeh@tinypic.com,Jennie,Kennford,Vitz,Russia,Konklux,6579335097
97811,2/20/2022,lsapshedei@admin.ch,Lewes,Sapshed,Voonder,Sweden,Voyatouch,90440148
89751,2/3/2022,ostollmanej@barnesandnoble.com,Ollie,Stollman,Feedbug,Ukraine,Alpha,97895243
43041,2/7/2022,blarsek@youku.com,Biron,Lars,Eare,China,Sonsing,16449243
87746,2/9/2022,atolworthyel@wordpress.com,Andris,Tolworthy,Tavu,Portugal,Home Ing,634664
70958,2/22/2022,ghardistyem@cocolog-nifty.com,Granville,Hardisty,Wikizz,Indonesia,Solarbreeze,07609309
68395,2/4/2022,bmatelyunasen@irs.gov,Bathsheba,Matelyunas,Mybuzz,France,Flexidy,0722998421
85288,2/1/2022,hmilazzoeo@sitemeter.com,Heda,Milazzo,Cogibox,Finland,Tres-Zap,4816979610
21137,2/9/2022,msteuhlmeyerep@netscape.com,Malinda,Steuhlmeyer,Browsebug,Morocco,Transcof,80472495
43866,2/16/2022,kbibeyeq@ocn.ne.jp,Kare,Bibey,Devcast,France,Kanlam,0976
22303,2/2/2022,bpaulyer@cornell.edu,Bobinette,Pauly,Wordpedia,Libya,Flexidy,951462
35666,2/21/2022,laguilares@google.ru,Lorri,Aguilar,Skyba,China,Transcof,71396175
99506,2/8/2022,pdunnet@home.pl,Paule,Dunn,Twitterbridge,Russia,Bitchip,191940861235
68235,2/22/2022,sannotteu@nih.gov,Samantha,Annott,Tagopia,Poland,Kanlam,707208
39888,2/5/2022,cmccartev@mashable.com,Claudio,McCart,Eimbee,Ukraine,Stringtough,6366
35319,2/4/2022,lnancarrowew@moonfruit.com,Launce,Nan Carrow,Plambee,Poland,Overhold,1456740581
63136,2/9/2022,nperrycostex@ycombinator.com,Natalee,Perrycost,Zooxo,Albania,Sub-Ex,2426943283
42549,2/17/2022,aoguzey@ebay.com,Ag,Oguz,Dabjam,Indonesia,Tres-Zap,7446
77144,2/16/2022,foulnerez@meetup.com,Frederique,Oulner,Twitterwire,Russia,Cookley,1188198007
58542,2/14/2022,drookesf0@msu.edu,Drucill,Rookes,Demivee,Indonesia,Home Ing,57030221
88222,2/23/2022,bbonnellf1@washington.edu,Bryon,Bonnell,Yodel,Kazakhstan,Trippledex,748884
03653,2/13/2022,cwickinsf2@baidu.com,Calv,Wickins,Quinu,Indonesia,Bytecard,687500
58097,2/5/2022,dlynthalf3@youtube.com,Dev,Lynthal,Skidoo,Portugal,Overhold,543751
22318,2/3/2022,odressellf4@home.pl,Ola,Dressell,Roodel,Poland,It,444490
96392,2/10/2022,hventonf5@fotki.com,Hyacinthie,Venton,Buzzbean,Poland,Job,7965733730
00349,2/11/2022,wminnisf6@nps.gov,Winifred,Minnis,Rhyzio,Argentina,Zoolab,537638
38001,2/19/2022,tgeekief7@tiny.cc,Thorin,Geekie,Wikibox,Russia,Pannier,62066901
30585,2/6/2022,gcratesf8@pagesperso-orange.fr,Gualterio,Crates,Voonyx,Russia,Home Ing,55099307
92531,2/22/2022,dadamczykf9@ihg.com,Donal,Adamczyk,Ainyx,China,Zoolab,8326483208
00647,2/16/2022,cdinceyfa@ycombinator.com,Corby,Dincey,Demizz,Bangladesh,Namfix,0860535627
19163,2/16/2022,pflaxonfb@diigo.com,Paulo,Flaxon,Voonyx,France,Cookley,1970157869
12004,2/1/2022,nhargiefc@reddit.com,Nester,Hargie,Realbridge,Brazil,Y-Solowarm,637348
51661,2/12/2022,bbasindalefd@reddit.com,Bobbee,Basindale,Digitube,United States,Ventosanzap,7114
40238,2/9/2022,cfrewerfe@studiopress.com,Carrie,Frewer,Blogtag,Brazil,Job,470019
97245,2/2/2022,hbleasff@imdb.com,Heall,Bleas,Brainlounge,China,Y-find,2224904524
46158,2/8/2022,aancliffefg@hibu.com,Anetta,Ancliffe,Bubblemix,Uruguay,Bitwolf,174193019922
48094,2/22/2022,malennikovfh@cocolog-nifty.com,Martha,Alennikov,Realcube,Indonesia,Tresom,797417
69637,2/18/2022,fcolebyfi@sphinn.com,Florella,Coleby,Topdrive,Tuvalu,Subin,864263
58738,2/3/2022,fliddelfj@google.com.hk,Forester,Liddel,InnoZ,Comoros,Sub-Ex,209575
84867,2/23/2022,mpuryfk@army.mil,Myrta,Pury,Edgeify,Iran,Hatity,11038366
11417,2/18/2022,oavramovichfl@bizjournals.com,Osbourn,Avramovich,Flashset,China,Job,72193370
83654,2/10/2022,hcassidyfm@acquirethisname.com,Hogan,Cassidy,Blognation,Brazil,Toughjoyfax,873801
44773,2/18/2022,utaggertfn@histats.com,Upton,Taggert,Vinder,Portugal,Opela,755869
32627,2/12/2022,eosmentfo@whitehouse.gov,Edithe,Osment,Bluezoom,Philippines,Tresom,714162
56458,2/22/2022,mghironfp@tinypic.com,Marcos,Ghiron,Quinu,Poland,Flowdesk,113768
30266,2/8/2022,mraperfq@usnews.com,Marvin,Raper,Linktype,Russia,Alpha,44580159
81063,2/5/2022,dlinekerfr@yandex.ru,Diego,Lineker,Photojam,Latvia,Sonsing,50054845
71290,2/14/2022,emccarlefs@unc.edu,Elisabetta,McCarle,Wikibox,Russia,Flexidy,770087692498
14904,2/3/2022,horsft@printfriendly.com,Hurlee,Ors,Camido,Czech Republic,Bamity,8427897336
18369,2/5/2022,hfrostfu@diigo.com,Hodge,Frost,Realpoint,China,Domainer,45024449
92124,2/15/2022,gingarfillfv@wisc.edu,Gladi,Ingarfill,Zoonoodle,China,Daltfresh,5313599603
63174,2/4/2022,tscasefw@wunderground.com,Talia,Scase,Skajo,Russia,It,686562347719
69111,2/13/2022,jcornickfx@blogspot.com,Jenica,Cornick,Cogilith,Greece,Gembucket,3495408886
26789,2/18/2022,kaddekinfy@over-blog.com,Kendrick,Addekin,Lazzy,Marshall Islands,Wrapsafe,44306219
57185,2/7/2022,cverityfz@pbs.org,Carmine,Verity,Jaxspan,Palestinian Territory,Andalax,218313
09044,2/1/2022,cjosephsong0@drupal.org,Cherilynn,Josephson,Fivespan,Ivory Coast,Namfix,959001
97296,2/21/2022,rmadnerg1@paginegialle.it,Rafaela,Madner,Trudeo,Indonesia,It,66838535
78640,2/10/2022,jbyrdeg2@prweb.com,Janis,Byrde,Rhybox,Philippines,Rank,95970642
41478,2/18/2022,vchallenorg3@psu.edu,Venita,Challenor,Realcube,Indonesia,Hatity,2618318365
53358,2/1/2022,collerearnshawg4@odnoklassniki.ru,Cyndi,Ollerearnshaw,Eidel,Morocco,Konklux,071196
46030,2/6/2022,mlesterg5@posterous.com,Mildred,Lester,Leexo,China,Stim,7378
14653,2/21/2022,achappelowg6@yahoo.com,Aida,Chappelow,Buzzshare,Guatemala,Stringtough,74570764
08261,2/11/2022,odeatong7@mapquest.com,Orsola,Deaton,Yotz,Netherlands,Zathin,67057324
58741,2/18/2022,mboodleg8@state.tx.us,Madelon,Boodle,Shufflester,Philippines,Prodder,04744445
54078,2/11/2022,kesbyg9@google.cn,Karena,Esby,Jaxnation,South Africa,Opela,53046475
12853,2/12/2022,kmccuaigga@storify.com,Kate,McCuaig,Yadel,Bulgaria,Solarbreeze,564146
48878,2/16/2022,cdonaghiegb@jiathis.com,Cullan,Donaghie,Mudo,Poland,Holdlamis,820741
01037,2/8/2022,smanilogc@tiny.cc,Sanders,Manilo,Quire,Philippines,Konklux,12393042
53357,2/10/2022,vvealgd@fema.gov,Valentine,Veal,Babbleopia,Russia,Transcof,418787062572
73984,2/23/2022,hfirbanksge@dailymail.co.uk,Harp,Firbanks,Eamia,Kosovo,Ronstring,7655632706
79776,2/11/2022,bdockreaygf@csmonitor.com,Baldwin,Dockreay,Tagtune,Russia,Namfix,784479
47602,2/23/2022,mmacclaygg@ted.com,Mariel,MacClay,Photobug,China,Konklux,08810622
95706,2/20/2022,mbartalingh@360.cn,Monica,Bartalin,Shuffletag,China,Holdlamis,457573
52762,2/22/2022,rorrygi@msn.com,Rance,Orry,Mita,Thailand,Wrapsafe,01524182
23614,2/12/2022,lvereckergj@comsenz.com,Letta,Verecker,Roodel,Sweden,Namfix,24748067
07710,2/16/2022,rbarstowkgk@sfgate.com,Rozamond,Barstowk,Kamba,Indonesia,Veribet,52591971
34502,2/10/2022,rlelievregl@yahoo.co.jp,Ruth,Lelievre,Oozz,Bulgaria,Treeflex,07003153
22003,2/4/2022,nscrinagegm@princeton.edu,Nickie,Scrinage,Digitube,Colombia,Tempsoft,68618151
80373,2/18/2022,wdirandgn@wikispaces.com,Win,Dirand,Jaxspan,Indonesia,Wrapsafe,831218708674
80105,2/7/2022,rbendallgo@ucoz.ru,Rakel,Bendall,Jetpulse,China,Trippledex,14074636
79904,2/23/2022,ephlipongp@hostgator.com,Estella,Phlipon,Divape,Ireland,Overhold,738407
55065,2/6/2022,cspoorsgq@xing.com,Charla,Spoors,Teklist,Ethiopia,Keylex,664447772108
96888,2/20/2022,bwernhamgr@huffingtonpost.com,Brody,Wernham,Fatz,Philippines,Tin,542524
34176,2/10/2022,dromergs@multiply.com,Dale,Romer,Realbridge,Indonesia,Lotstring,67561274
38380,2/5/2022,jmarusyakgt@hugedomains.com,Jephthah,Marusyak,Feedfish,China,Voltsillam,531924
11208,2/21/2022,estratfordgu@gmpg.org,Etienne,Stratford,Twimm,Thailand,Latlux,12880958
10085,2/18/2022,eputtickgv@sciencedirect.com,Emilie,Puttick,Jabbersphere,France,Keylex,382384
56636,2/23/2022,cbrookesgw@yandex.ru,Cecile,Brookes,Ntags,Philippines,Y-Solowarm,2452206523
12028,2/12/2022,rmerdewgx@wufoo.com,Rhys,Merdew,Oba,Brazil,Fix San,54701964
92552,2/16/2022,kwedmoregy@virginia.edu,Kim,Wedmore,Roodel,Guatemala,Wrapsafe,649323
16020,2/6/2022,sgianolinigz@diigo.com,Sher,Gianolini,Oyope,Poland,Fintone,13717444
25538,2/13/2022,regdalh0@google.ca,Robenia,Egdal,Skalith,Russia,Zathin,51326931
07459,2/15/2022,gfranckeh1@huffingtonpost.com,Gracie,Francke,Zava,Portugal,Ronstring,697771
67897,2/16/2022,taprahamianh2@friendfeed.com,Tann,Aprahamian,Tagcat,China,Temp,0826756158
34083,2/3/2022,rswantonh3@nih.gov,Reginauld,Swanton,Dablist,Portugal,Zoolab,51882638
74218,2/2/2022,abeachamph4@boston.com,Akim,Beachamp,Yoveo,China,Tresom,120645
80670,2/9/2022,mgodsalh5@thetimes.co.uk,Maggee,Godsal,Eamia,Russia,Quo Lux,707111
45488,2/15/2022,rjopeh6@hud.gov,Roderich,Jope,Reallinks,Canada,Treeflex,834990
40719,2/20/2022,tfoddenh7@imgur.com,Torin,Fodden,Jayo,Croatia,Y-find,4756155561
15720,2/5/2022,eburstonh8@rediff.com,Elsi,Burston,Edgetag,Gambia,Cardguard,630198
93596,2/16/2022,ryelyashevh9@hhs.gov,Robbie,Yelyashev,Oyondu,Indonesia,Sonair,289534
56641,2/12/2022,prawcliffeha@discuz.net,Paton,Rawcliffe,Feedspan,Ecuador,Veribet,38155056
40859,2/5/2022,skrierhb@umich.edu,Stesha,Krier,Yoveo,China,Cardguard,506598
21092,2/20/2022,moddhc@home.pl,Marion,Odd,Viva,Brazil,Opela,8497552503
81941,2/3/2022,ldibartolommeohd@pinterest.com,Lauraine,Di Bartolommeo,Zoozzy,Tanzania,Bitwolf,6104034637
24379,2/6/2022,ycockshe@homestead.com,Yale,Cocks,Fatz,France,Stringtough,5131928903
64207,2/3/2022,bniemiechf@instagram.com,Brose,Niemiec,Gigashots,Indonesia,Matsoft,0045957270
61074,2/13/2022,bduriehg@networkadvertising.org,Bealle,Durie,Mymm,Philippines,Tampflex,69684080
89033,2/14/2022,nsibbshh@imdb.com,Noemi,Sibbs,Zooxo,Togo,Daltfresh,071270
89783,2/17/2022,vferrarettohi@hugedomains.com,Vita,Ferraretto,Zoombox,United States,Hatity,00718951
22254,2/1/2022,fsemoradhj@ovh.net,Floris,Semorad,Twinte,Russia,Alpha,710360548380
63617,2/22/2022,jhorleyhk@ycombinator.com,Janaye,Horley,Shufflester,Greece,Viva,61843670
72385,2/15/2022,ssawyerhl@newyorker.com,Sanderson,Sawyer,Thoughtsphere,Portugal,Zathin,78647948
88774,2/19/2022,akiesselhm@usnews.com,Ara,Kiessel,Kwideo,Turkmenistan,Rank,8878938822
31523,2/17/2022,dgosenellhn@si.edu,Dietrich,Gosenell,Tambee,Ukraine,Bitwolf,0120418582
88227,2/4/2022,bcoulsonho@princeton.edu,Bernie,Coulson,Voolia,Philippines,Matsoft,549254
84090,2/1/2022,mcaslinhp@i2i.jp,Murielle,Caslin,Voomm,Indonesia,Voltsillam,54805707
90853,2/17/2022,siskowhq@indiegogo.com,Scarlet,Iskow,Eire,Nicaragua,Zaam-Dox,442223
16386,2/10/2022,ccallerhr@auda.org.au,Costa,Caller,Rhyzio,Ethiopia,Bamity,467369
64860,2/3/2022,mmcmickanhs@tmall.com,Misha,McMickan,Twitterwire,Egypt,Fix San,652498
45666,2/20/2022,cabramsht@tripadvisor.com,Claire,Abrams,Zava,Indonesia,Prodder,74748299
60289,2/7/2022,ggemeauhu@indiatimes.com,Griff,Gemeau,Photobug,Thailand,Toughjoyfax,8246478604
11524,2/4/2022,gmarshlandhv@nytimes.com,Gwendolin,Marshland,Oyoba,Ireland,Latlux,0808332236
52808,2/13/2022,etidyhw@smh.com.au,Evelyn,Tidy,Realcube,Brazil,Veribet,20634749
66630,2/5/2022,odavidovichx@dagondesign.com,Obadiah,Davidovic,Demimbu,Brazil,Transcof,845784240101
79533,2/20/2022,kdrinnanhy@wsj.com,Kelcey,Drinnan,Dabfeed,Russia,Treeflex,94327553
67723,2/9/2022,asantostefanohz@prweb.com,Ardeen,Santostefano.,Vinder,Portugal,Vagram,731021147118
34873,2/5/2022,wleilei0@japanpost.jp,Wylma,Leile,Jayo,Russia,Treeflex,3361
96858,2/6/2022,ccaslanei1@goodreads.com,Carolin,Caslane,InnoZ,Serbia,Namfix,60119730
32475,2/21/2022,cwreni2@drupal.org,Conny,Wren,Avaveo,Czech Republic,Sub-Ex,0257998780
17008,2/1/2022,epatchingi3@bravesites.com,Eddi,Patching,Jaxbean,Sweden,Daltfresh,664464
83508,2/17/2022,cagiusi4@cocolog-nifty.com,Cristiano,Agius,Leexo,Mongolia,Namfix,7754275155
78559,2/5/2022,alimoni5@comcast.net,Abbey,Limon,Skilith,Indonesia,Lotlux,3520007609
12772,2/1/2022,amaysi6@guardian.co.uk,Adam,Mays,Buzzshare,South Africa,Redhold,9484957505
87985,2/10/2022,mwimbushi7@spiegel.de,Myrta,Wimbush,Vidoo,Indonesia,Sonair,38431376
12138,2/22/2022,csleighi8@salon.com,Carmelle,Sleigh,Browsecat,Czech Republic,Biodex,448686
90155,2/7/2022,akybbyei9@ucoz.com,Anthiathia,Kybbye,Kaymbo,China,Biodex,562634
91795,2/19/2022,ikimberlyia@ucoz.com,Isidore,Kimberly,Jabberstorm,Indonesia,Pannier,312287354001
56266,2/21/2022,jpodburyib@meetup.com,Jodi,Podbury,Tagcat,Russia,Wrapsafe,9120437120
92024,2/3/2022,hmcfadyenic@foxnews.com,Hatti,McFadyen,Gigaclub,China,Stronghold,23798797
39933,2/22/2022,rszreterid@prweb.com,Rhianna,Szreter,Quire,Australia,Bitchip,435421
33487,2/14/2022,nnortunenie@google.com.hk,Nessy,Nortunen,Jabberstorm,Indonesia,Lotlux,912023
62270,2/6/2022,sdanzeyif@wired.com,Sybilla,Danzey,Brightbean,Philippines,Bytecard,497438
42486,2/23/2022,hpeekig@narod.ru,Hilliary,Peek,Kwinu,Sweden,Biodex,4053
33931,2/21/2022,dnouryih@g.co,Dall,Noury,Aivee,Brazil,Cardguard,72588251
42697,2/16/2022,gchisolmii@qq.com,Gayle,Chisolm,Twinte,Philippines,Stringtough,42472398
02573,2/11/2022,eyushkinij@wunderground.com,Elka,Yushkin,Skinte,Thailand,Home Ing,3984444009
78494,2/19/2022,cadamiik@feedburner.com,Clayborn,Adami,Dynabox,Ecuador,Bytecard,72878645
44772,2/3/2022,tfairbrassil@behance.net,Timoteo,Fairbrass,Quimm,Kazakhstan,Zamit,47906747
31574,2/20/2022,fbernetim@nature.com,Frieda,Bernet,Brainverse,France,Zathin,31294648
29743,2/16/2022,rkinastanin@upenn.edu,Rania,Kinastan,Meetz,Argentina,Stronghold,21077755
41237,2/22/2022,divanovicio@goo.ne.jp,Dela,Ivanovic,Voomm,Indonesia,Keylex,518368
32948,2/19/2022,hvsanelliip@goodreads.com,Hakim,Vsanelli,Ailane,Czech Republic,Sonsing,8631604029
42367,2/16/2022,ngowthropiq@vinaora.com,Normie,Gowthrop,Brightdog,Brazil,Job,0839736560
27440,2/13/2022,stanmanir@jigsy.com,Saraann,Tanman,Blogtags,Hungary,Otcom,405615
33541,2/16/2022,dpendlentonis@bizjournals.com,Delphinia,Pendlenton,Quire,Indonesia,Keylex,431333
87506,2/16/2022,aevettit@gravatar.com,Arabella,Evett,Devpoint,China,Regrant,354624703181
80506,2/5/2022,yhousoniu@amazon.com,Yolane,Houson,Oyoloo,China,Rank,87307532
99763,2/12/2022,amorehalliv@pagesperso-orange.fr,Anissa,Morehall,Zoomzone,China,Rank,0071037883
45296,2/18/2022,swiddupiw@economist.com,Sullivan,Widdup,Bubbletube,Russia,Bitchip,50431205
93720,2/17/2022,vknibbsix@google.ca,Valentina,Knibbs,Skalith,Indonesia,Matsoft,97989329
89507,2/6/2022,abaldettiiy@umn.edu,Ardine,Baldetti,Ntag,Peru,Lotstring,949914
26426,2/11/2022,clowdyaneiz@vimeo.com,Che,Lowdyane,Vinder,Brazil,Toughjoyfax,9629895810
10188,2/8/2022,gdupreyj0@cpanel.net,Gregor,Duprey,Jaxnation,Panama,Vagram,809697008686
35766,2/10/2022,epeattj1@aol.com,Emilio,Peatt,Thoughtstorm,Nepal,Greenlam,8719
31414,2/4/2022,bvasyaginj2@seattletimes.com,Bab,Vasyagin,Jayo,Yemen,Lotstring,79697787
66580,2/12/2022,lbussensj3@cmu.edu,Lorna,Bussens,Browsezoom,Uzbekistan,Duobam,0881551699
50831,2/6/2022,kcindereyj4@miitbeian.gov.cn,Kyrstin,Cinderey,Babblestorm,France,Pannier,32931752
77528,2/21/2022,lshurmorej5@kickstarter.com,Lilas,Shurmore,Wikizz,Portugal,Alpha,0603104439
11072,2/1/2022,emurriej6@example.com,Erinn,Murrie,Livepath,Iran,Toughjoyfax,020735
36521,2/11/2022,kheintschj7@about.me,Kaycee,Heintsch,Twimm,Netherlands,Trippledex,2445127084
60947,2/12/2022,pfauguelj8@amazonaws.com,Phaidra,Fauguel,Topicshots,Indonesia,Flowdesk,7088141514
49336,2/7/2022,hoagerj9@slashdot.org,Holli,Oager,Thoughtsphere,Japan,Zamit,2836678597
81034,2/16/2022,ilunnonja@ucoz.com,Iorgos,Lunnon,Youspan,Vietnam,Zamit,725935
28309,2/7/2022,bfarrearjb@simplemachines.org,Barron,Farrear,Voonyx,Indonesia,Alphazap,27893440
57303,2/14/2022,lprettyjohnjc@so-net.ne.jp,Linzy,Prettyjohn,Vimbo,Indonesia,Mat Lam Tam,7891808755
67587,2/20/2022,ejerdanjd@istockphoto.com,Ewan,Jerdan,Vitz,Czech Republic,Voyatouch,43335056
34213,2/19/2022,ibooleje@mediafire.com,Ilario,Boole,Edgeclub,China,Daltfresh,928169644667
08892,2/3/2022,mshevelinjf@hud.gov,Marc,Shevelin,Meetz,Russia,Bigtax,14858516
74177,2/22/2022,mvalasekjg@desdev.cn,Martica,Valasek,Zoomzone,Indonesia,Duobam,2179509645
92435,2/7/2022,njorryjh@studiopress.com,Nathanial,Jorry,Yakidoo,Brazil,Holdlamis,92434924
64823,2/10/2022,stenbyji@auda.org.au,Suzi,Tenby,Jabberstorm,Reunion,Rank,71134758
62387,2/22/2022,vhenrychjj@lycos.com,Virginia,Henrych,Zoomdog,Greece,Ronstring,95401186
10528,2/9/2022,lpenderedjk@sciencedirect.com,Lynnet,Pendered,Oloo,Norway,Prodder,76352983
76931,2/3/2022,rbissexjl@bravesites.com,Raimund,Bissex,Eayo,Czech Republic,Home Ing,51610025
61450,2/8/2022,preutherjm@dyndns.org,Paulo,Reuther,Dabfeed,Indonesia,Namfix,4220397321
94468,2/22/2022,gtanslyjn@phpbb.com,Gretna,Tansly,Devify,Egypt,Mat Lam Tam,545348
21797,2/2/2022,abowgenjo@wufoo.com,Alastair,Bowgen,Quinu,Cuba,Gembucket,9037045434
43279,2/1/2022,alassellsjp@naver.com,Avigdor,Lassells,Divavu,Serbia,Otcom,3890861638
60372,2/5/2022,gmacauleyjq@purevolume.com,Garald,Macauley,Vitz,France,Tin,872275
73388,2/10/2022,swoodroffejr@ucla.edu,Sofia,Woodroffe,Feedfish,Egypt,Trippledex,2143769771
07557,2/6/2022,groggerjs@cornell.edu,Gawain,Rogger,JumpXS,Philippines,Flexidy,76027842
02631,2/23/2022,cmccaughenjt@state.tx.us,Carol-jean,McCaughen,Blogpad,Yemen,Zontrax,90397921
58684,2/16/2022,lbeaconsallju@sun.com,Lancelot,Beaconsall,Gevee,Honduras,Zontrax,9419629610
16031,2/22/2022,lbalhamjv@slate.com,Larisa,Balham,Janyx,Colombia,Temp,73302824
60633,2/21/2022,kfrapejw@mysql.com,King,Frape,Twimbo,China,Kanlam,1056650060
27392,2/5/2022,mpretorjx@yahoo.com,Martina,Pretor,Avamba,Sweden,Holdlamis,506926
08932,2/11/2022,ehuddlestonejy@senate.gov,Elbertina,Huddlestone,Wikivu,China,Ventosanzap,49398062
16842,2/4/2022,clarticejz@networksolutions.com,Constanta,Lartice,Realmix,Fiji,Zathin,58009616
04111,2/10/2022,acheavink0@cargocollective.com,Ada,Cheavin,Voonix,Czech Republic,Flexidy,864519
63760,2/15/2022,sskelcherk1@theglobeandmail.com,Sawyer,Skelcher,Minyx,Vietnam,Trippledex,501100145333
38105,2/17/2022,dgoulthorpk2@ft.com,Demetri,Goulthorp,Rhybox,Czech Republic,Fintone,800454
83909,2/9/2022,mmumbersonk3@columbia.edu,Madeleine,Mumberson,Thoughtbridge,Russia,Opela,0428210372
50986,2/11/2022,lfrushardk4@mysql.com,Letisha,Frushard,Jabbersphere,Indonesia,It,7841082765
50133,2/13/2022,ftullk5@canalblog.com,Faunie,Tull,Zoomcast,Canada,Tresom,23613908
41736,2/23/2022,dmearsk6@cloudflare.com,Debee,Mears,Skiptube,Russia,Wrapsafe,81702549
85439,2/14/2022,rfurssek7@fc2.com,Ronna,Fursse,Rhyloo,Azerbaijan,Holdlamis,01948412
47917,2/23/2022,cvongrollmannk8@51.la,Chad,von Grollmann,Ooba,China,Zoolab,057120524123
32733,2/16/2022,nstquenink9@feedburner.com,Nehemiah,St Quenin,Eidel,China,Konklux,8741352449
46234,2/11/2022,dunderwoodka@de.vu,Deb,Underwood,Flipopia,Sweden,Hatity,19187852
55538,2/15/2022,aluckeskb@vimeo.com,Aila,Luckes,Ntag,New Caledonia,Transcof,080361
30868,2/5/2022,mgligorijevickc@spiegel.de,Margie,Gligorijevic,Gigaclub,China,Treeflex,55666933
23087,2/22/2022,lmacinneskd@marriott.com,Lotty,MacInnes,Buzzdog,China,Treeflex,908305
63134,2/11/2022,btrevaskiske@icq.com,Bernardina,Trevaskis,Voomm,Nigeria,Wrapsafe,36807174
19405,2/5/2022,eschiefersteinkf@telegraph.co.uk,Elinore,Schieferstein,Plajo,Russia,Konklux,83643767
54569,2/5/2022,dbabbidgekg@moonfruit.com,Dominique,Babbidge,Devpoint,Indonesia,Tres-Zap,91030649
84855,2/6/2022,ntourrykh@tinyurl.com,Noella,Tourry,Minyx,Philippines,Treeflex,4392
74528,2/10/2022,psloleyki@paginegialle.it,Petronille,Sloley,Dynazzy,China,Stringtough,13047200
95981,2/17/2022,menderleinkj@washington.edu,Mia,Enderlein,Jatri,Japan,Tempsoft,99639600
56465,2/7/2022,twainscotkk@acquirethisname.com,Toby,Wainscot,Pixonyx,Portugal,Kanlam,3551
48588,2/2/2022,brobeirokl@soup.io,Barde,Robeiro,Kwinu,France,Otcom,60189494
88538,2/12/2022,sklasingkm@cbc.ca,Simone,Klasing,Bluejam,Indonesia,Gembucket,3675225224
98890,2/4/2022,sutteridgekn@eventbrite.com,Shirley,Utteridge,Quimba,China,Bitchip,264720011905
36858,2/4/2022,tgiorgettiko@comcast.net,Tonia,Giorgetti,Plambee,Benin,Konklux,40783892
47196,2/12/2022,kshaleskp@illinois.edu,Kasper,Shales,Edgeclub,Bahrain,Domainer,9970695864
70921,2/9/2022,kitzhaiekkq@tripod.com,Kori,Itzhaiek,Mycat,Indonesia,Transcof,314624
51616,2/6/2022,jperrymankr@istockphoto.com,Julie,Perryman,Podcat,Philippines,Subin,465576290068
77950,2/3/2022,ffrancescuccioks@goodreads.com,Florentia,Francescuccio,Flashpoint,Kazakhstan,Zoolab,038824
79115,2/4/2022,hpinarkt@icq.com,Humphrey,Pinar,Devbug,Bosnia and Herzegovina,Flowdesk,7258193556
14807,2/19/2022,abaignardku@xinhuanet.com,Aube,Baignard,Zoozzy,China,Kanlam,37161558
94811,2/8/2022,ecarlettikv@symantec.com,Egan,Carletti,Eamia,Luxembourg,Greenlam,160908
97046,2/6/2022,lcockramkw@hao123.com,Lisle,Cockram,Youbridge,Vietnam,Daltfresh,07322479
11856,2/3/2022,plangmeadkx@netvibes.com,Panchito,Langmead,Wikizz,Portugal,Cardify,3541286480
85832,2/6/2022,nabbittky@acquirethisname.com,Nadya,Abbitt,Mymm,Indonesia,Keylex,8719721930
89153,2/23/2022,adalgetykz@spotify.com,Anjanette,Dalgety,Omba,Canada,Fintone,501862
57332,2/9/2022,ffulgerl0@mlb.com,Flore,Fulger,Midel,Poland,Tampflex,260069
86669,2/1/2022,ksedgeworthl1@ning.com,Kara-lynn,Sedgeworth,Talane,Ivory Coast,Tres-Zap,2408959065
68365,2/20/2022,kchopyl2@uiuc.edu,Kathryne,Chopy,Buzzbean,Brazil,Cardguard,876527
51506,2/21/2022,schaperlingl3@huffingtonpost.com,Stephi,Chaperling,Devify,Indonesia,Zoolab,4389
84081,2/14/2022,ggotchl4@google.de,Gardy,Gotch,Skynoodle,Bolivia,Zoolab,805780
67591,2/6/2022,ktodarinil5@etsy.com,Kaiser,Todarini,Camimbo,Indonesia,Fintone,579412
98182,2/22/2022,blindseyl6@gnu.org,Berkley,Lindsey,Voonix,Russia,Span,6399
17257,2/4/2022,msauvagel7@sitemeter.com,Matti,Sauvage,Yombu,South Korea,Keylex,8782
65767,2/15/2022,bmateuszczykl8@craigslist.org,Babette,Mateuszczyk,Skidoo,Swaziland,Mat Lam Tam,1620495699
14695,2/10/2022,jshrubbl9@theglobeandmail.com,Jacinda,Shrubb,Twitterworks,China,Stim,96281581
23196,2/17/2022,ybrownsallla@vimeo.com,Yolanthe,Brownsall,Yakijo,Canada,Treeflex,714668673671
96654,2/16/2022,dgladdinglb@gizmodo.com,Diannne,Gladding,Mybuzz,Mexico,Temp,8721519314
46448,2/7/2022,mpadylc@baidu.com,Melvyn,Pady,Edgeclub,Poland,Lotstring,3641261443
24994,2/1/2022,fvassallld@quantcast.com,Fifi,Vassall,Ntags,United States,Lotstring,42339608
04283,2/7/2022,ggibbyle@telegraph.co.uk,Grover,Gibby,Jaxnation,Eritrea,Fixflex,800770058500
45128,2/21/2022,strimlf@indiegogo.com,Sibelle,Trim,Skimia,Malaysia,Vagram,153296
88544,2/21/2022,hshailerlg@foxnews.com,Hillier,Shailer,Jazzy,Armenia,Veribet,9257034634
09229,2/20/2022,rwakemanlh@globo.com,Rozanna,Wakeman,Photofeed,China,Voltsillam,839074
83013,2/15/2022,cballintimeli@si.edu,Clementia,Ballintime,Cogibox,Zambia,Zathin,865121
70947,2/2/2022,gwanklinglj@sciencedaily.com,Gerald,Wankling,Blogtag,Colombia,Transcof,0432137872
42781,2/3/2022,imcdowalllk@nbcnews.com,Iolande,McDowall,Roodel,Guatemala,Sonsing,50870390
03762,2/5/2022,bhallerll@marketwatch.com,Broderick,Haller,Realpoint,Syria,Span,1844753271
86251,2/13/2022,kwarnerlm@over-blog.com,Koren,Warner,Topicshots,Argentina,Fixflex,02807045
88362,2/21/2022,mcroxallln@state.tx.us,Minnaminnie,Croxall,Meevee,China,Stim,9513705930
25280,2/2/2022,lobernlo@home.pl,Lynsey,Obern,Eidel,Angola,Flexidy,3783912628
06344,2/9/2022,candrejslp@yahoo.com,Carlie,Andrejs,DabZ,Philippines,Quo Lux,6762825157
90043,2/8/2022,wbonnierlq@imageshack.us,Willis,Bonnier,Feednation,China,Pannier,76549253
28757,2/12/2022,dpoweleelr@telegraph.co.uk,Der,Powelee,Gigazoom,Portugal,Voltsillam,860956
83657,2/4/2022,bbartelotls@deviantart.com,Blithe,Bartelot,Gabvine,France,Tresom,31860318
18318,2/2/2022,jheathwoodlt@imageshack.us,Janessa,Heathwood,Rhynoodle,Poland,Y-find,1094
16686,2/3/2022,cstockowlu@xrea.com,Corella,Stockow,Kazu,Czech Republic,Sub-Ex,11296102
40337,2/3/2022,eisittlv@imageshack.us,Elwira,Isitt,Skimia,Sweden,Voltsillam,92809767
02600,2/10/2022,mcarderolw@nps.gov,Mirna,Cardero,Feedbug,Brazil,Matsoft,5775
73669,2/22/2022,abrickwoodlx@mapy.cz,Alphonso,Brickwood,Chatterbridge,China,Wrapsafe,2817977973
40255,2/12/2022,awrayly@google.com,Art,Wray,Buzzdog,Poland,Trippledex,64848702
02619,2/2/2022,dfildeslz@sakura.ne.jp,De witt,Fildes,Skimia,Costa Rica,Lotstring,24113541
76637,2/5/2022,jmarklm0@spotify.com,Jeanette,Markl,Feedbug,Nigeria,Greenlam,61335772
91065,2/15/2022,pbrunningm1@altervista.org,Palmer,Brunning,Babbleset,Peru,Cardify,021955
69035,2/2/2022,rvaanm2@independent.co.uk,Roxanna,Vaan,Feedspan,Ukraine,Alpha,601946
51163,2/14/2022,scollism3@hao123.com,Shawn,Collis,Wordware,Tunisia,Fintone,10204202
09375,2/13/2022,mskidmorem4@360.cn,Maribeth,Skidmore,Fliptune,China,Ventosanzap,842570
70070,2/10/2022,flangfatm5@vimeo.com,Fulvia,Langfat,Teklist,China,Zamit,543012
89718,2/20/2022,snewlynm6@amazon.co.jp,Shalne,Newlyn,Jaxbean,China,Zontrax,14549297
65149,2/8/2022,kweemsm7@springer.com,Katha,Weems,Geba,Vietnam,Temp,52770684
25548,2/15/2022,schelamm8@adobe.com,Sonni,Chelam,Agivu,Russia,Konklux,6510601714
74611,2/10/2022,mmccorrym9@arizona.edu,Megan,McCorry,Dabjam,China,Rank,701280
94872,2/7/2022,bferrinoma@w3.org,Benedicta,Ferrino,Eabox,France,Cardguard,6761339898
29143,2/3/2022,rstuckowmb@flavors.me,Reinaldos,Stuckow,Dynabox,Indonesia,Duobam,022350
10691,2/3/2022,mohogertiemc@canalblog.com,Marleah,O'Hogertie,Shuffletag,United States,Konklab,88343924
12294,2/5/2022,hbartolomuccimd@netscape.com,Hewett,Bartolomucci,Twimm,Sweden,Stringtough,41151124
47145,2/9/2022,imctiernanme@soup.io,Ilysa,McTiernan,Trudoo,China,Home Ing,7278616178
87615,2/16/2022,bmacmenamiemf@com.com,Blanca,MacMenamie,Jatri,Russia,Tresom,23822280
75111,2/9/2022,fmattityahoumg@ustream.tv,Fancy,Mattityahou,Skalith,Uzbekistan,Veribet,159930
53642,2/3/2022,hgogaymh@t-online.de,Husein,Gogay,Skiptube,Vietnam,Subin,5727856769
11070,2/23/2022,bisakovitchmi@ox.ac.uk,Berni,Isakovitch,Quimm,United States,Mat Lam Tam,612453
36407,2/4/2022,vlivenmj@sciencedirect.com,Vern,Liven,Topicstorm,China,Trippledex,12611389
96185,2/16/2022,dcrowleymk@miibeian.gov.cn,Dre,Crowley,Feedmix,Costa Rica,Flexidy,546821299273
26116,2/13/2022,nszachniewiczml@umich.edu,Nat,Szachniewicz,Yadel,Indonesia,Job,019830
00757,2/6/2022,lmartinhomm@networksolutions.com,Lebbie,Martinho,Wordify,Japan,Asoka,4810955516
22299,2/16/2022,ebathamn@dell.com,Ermin,Batha,Rhynoodle,Brazil,Overhold,80722598
66632,2/19/2022,ahammelmo@hostgator.com,Amery,Hammel,Dynabox,Guatemala,Bitchip,699787735004
36460,2/8/2022,kguesfordmp@cloudflare.com,Kiah,Guesford,Jaxnation,Sweden,Asoka,406981811397
93310,2/3/2022,tjansonmq@webeden.co.uk,Tucky,Janson,Innojam,China,Transcof,43720787
92931,2/5/2022,dglentzmr@nasa.gov,Devan,Glentz,Trunyx,Japan,Treeflex,122715
12261,2/19/2022,nsleitems@archive.org,Ninetta,Sleite,Skilith,China,Latlux,55511493
93052,2/12/2022,ftintonmt@pbs.org,Fraser,Tinton,Lajo,Colombia,Job,8357992325
42066,2/3/2022,aporchermu@usgs.gov,Ashlin,Porcher,Bluezoom,Indonesia,Viva,5220989676
43016,2/7/2022,spettyfarmv@google.com,Sandra,Pettyfar,Voonder,Greece,Bytecard,172594
59895,2/19/2022,cmacbreartymw@skyrock.com,Colver,MacBrearty,Oyoba,Japan,Sub-Ex,928692
28146,2/13/2022,pbettridgemx@1und1.de,Penny,Bettridge,Devify,Russia,Cardguard,30498477
35144,2/4/2022,moshielsmy@goo.ne.jp,Maxy,O'Shiels,Twitterwire,Indonesia,Lotstring,9399295389
27542,2/16/2022,gpuntermz@buzzfeed.com,Glenden,Punter,Avaveo,Lesotho,It,73117079
49593,2/19/2022,jsteventonn0@wp.com,Jarib,Steventon,Brainsphere,Indonesia,Konklux,039622
24552,2/1/2022,rmaskelln1@soup.io,Roslyn,Maskell,Dynabox,China,Bytecard,96979013
71769,2/23/2022,apablosn2@army.mil,Anna,Pablos,Meemm,China,Prodder,5132541566
05204,2/19/2022,hwaywelln3@macromedia.com,Holli,Waywell,Tambee,Poland,Voyatouch,4099134415
93606,2/13/2022,nspinozzin4@dot.gov,Natalie,Spinozzi,Twitterlist,Indonesia,Sub-Ex,94623472
33637,2/14/2022,dfradgleyn5@exblog.jp,Dall,Fradgley,Skipfire,China,Veribet,9906
84212,2/13/2022,jdecourceyn6@altervista.org,Jandy,de Courcey,Zoomzone,China,Pannier,34629286
94417,2/5/2022,tsuscensn7@cbslocal.com,Tad,Suscens,Rhynyx,Nigeria,Alpha,73305280
90606,2/19/2022,jferraretton8@hostgator.com,Jerome,Ferraretto,Skimia,Egypt,Lotstring,816821268025
50962,2/13/2022,kterramn9@apache.org,Kaleena,Terram,Quatz,Portugal,Keylex,699997
36091,2/17/2022,dwheelhousena@networkadvertising.org,Derrick,Wheelhouse,Buzzdog,Brazil,Trippledex,578606
05528,2/8/2022,kyurenevnb@about.com,Krystle,Yurenev,Meemm,Dominican Republic,Voltsillam,890061
99871,2/23/2022,mborrownc@kickstarter.com,Modestine,Borrow,Yombu,Philippines,Bitwolf,01503303
44149,2/17/2022,rvannonind@fda.gov,Roth,Vannoni,Realcube,Russia,Cardify,17049917
37747,2/8/2022,zmaidlowne@nationalgeographic.com,Zebulon,Maidlow,Skipfire,Czech Republic,Tres-Zap,261023
54437,2/7/2022,mklassmannf@ebay.com,Merna,Klassman,Trilia,Indonesia,Quo Lux,7713
85565,2/6/2022,gwraighteng@tinyurl.com,Grazia,Wraighte,Meezzy,China,Fintone,583764
45591,2/3/2022,dcurronh@marketwatch.com,Dore,Curro,Dabvine,China,Pannier,0236308013
63029,2/11/2022,pmerchantni@indiatimes.com,Peg,Merchant,Vipe,Argentina,Opela,603352
73432,2/2/2022,orubinowicznj@over-blog.com,Ora,Rubinowicz,Roodel,Indonesia,Vagram,885539
54996,2/6/2022,rrappaportnk@spotify.com,Ravi,Rappaport,Cogilith,Poland,Andalax,27321756
88808,2/10/2022,rjazenl@yelp.com,Romain,Jaze,Yotz,Belgium,Ventosanzap,720302
90673,2/21/2022,kwetheraldnm@pagesperso-orange.fr,Kaleena,Wetherald,Meevee,Indonesia,Sonsing,68228945
48474,2/21/2022,aeastesnn@squidoo.com,Aleksandr,Eastes,Edgeblab,Japan,Voyatouch,60799845
02686,2/1/2022,sgoodeno@businessweek.com,Sholom,Goode,Skinte,Philippines,Bitchip,61336907
71607,2/1/2022,cpitcocknp@dion.ne.jp,Chryste,Pitcock,Quamba,Venezuela,Keylex,760636
56919,2/4/2022,ymathonnetnq@hugedomains.com,Ynes,Mathonnet,Tanoodle,Greece,Tin,2471635050
00921,2/4/2022,smcghienr@hc360.com,Stefa,McGhie,Youopia,Russia,Redhold,44724419
45675,2/23/2022,dwattersonns@blog.com,Danica,Watterson,Trilia,China,Cookley,131290
52250,2/9/2022,msheplandnt@utexas.edu,Maggi,Shepland,Viva,Libya,Cardify,6896394842
37379,2/16/2022,rsugarnu@weibo.com,Rafaela,Sugar,Gabcube,Russia,Aerified,681912389422
81377,2/6/2022,kpeatheyjohnsnv@nydailynews.com,Kilian,Peatheyjohns,Youspan,China,Vagram,00691934
97187,2/2/2022,dnuttynw@linkedin.com,Demetrius,Nutty,Zoonoodle,Cuba,Ronstring,96302160
63734,2/21/2022,nspinckenx@zdnet.com,Noe,Spincke,Thoughtstorm,Russia,Cardguard,42030151
93285,2/4/2022,bromkeny@sbwire.com,Bernetta,Romke,Kayveo,Tunisia,Duobam,22567225
45679,2/23/2022,cmacgeaneynz@cbslocal.com,Cherilynn,MacGeaney,Yozio,Somalia,It,655875
18831,2/23/2022,lkilbaneo0@cam.ac.uk,Lydie,Kilbane,Aimbo,Ukraine,Bigtax,42904822
19971,2/16/2022,ireaditto1@jiathis.com,Ivory,Readitt,Wordware,Malawi,Tresom,337065
52303,2/4/2022,mespinolao2@stumbleupon.com,Mala,Espinola,Wikizz,France,Home Ing,666708
28552,2/14/2022,mbutchero3@yolasite.com,Min,Butcher,Jaloo,Norway,Alpha,414450
12638,2/14/2022,dfurseo4@github.com,Delcina,Furse,Gigashots,China,Asoka,2548554599
02236,2/6/2022,iwheatmano5@ftc.gov,Ileane,Wheatman,Edgeclub,Croatia,Overhold,9271073468
84407,2/4/2022,aalbino6@techcrunch.com,Arthur,Albin,Fadeo,Thailand,Tempsoft,1865402949
70397,2/8/2022,socannavano7@apache.org,Say,O'Cannavan,Centizu,Sweden,Bigtax,13719731
46214,2/20/2022,mfogto8@hhs.gov,Merrel,Fogt,Brainbox,China,Bigtax,49198921
54182,2/18/2022,dgetcho9@nytimes.com,Deanna,Getch,Gabtype,Honduras,Ventosanzap,6983079420
03130,2/17/2022,rseamenoa@springer.com,Randal,Seamen,Mudo,Brazil,It,016444936822
23688,2/4/2022,vvonweldenob@t.co,Valentina,Von Welden,Livetube,United States,Voyatouch,24818948
89128,2/13/2022,rkettemanoc@elegantthemes.com,Renaud,Ketteman,Topicblab,China,Latlux,26449717
45324,2/8/2022,ahaddlestonod@reuters.com,Abbie,Haddleston,Kimia,Nigeria,Biodex,384233
53898,2/13/2022,ahandrekoe@baidu.com,Adriano,Handrek,Yodel,Benin,Hatity,173471
23821,2/19/2022,cdannehlof@adobe.com,Chandra,Dannehl,Centidel,Spain,Zontrax,27024882
79500,2/23/2022,mrousog@histats.com,Mead,Rous,Dynazzy,Russia,Holdlamis,0356638904
16305,2/18/2022,lbairdoh@jiathis.com,Lanni,Baird,Aibox,Sweden,Ronstring,44960826
66787,2/10/2022,vharnoroi@freewebs.com,Virgie,Harnor,Brainsphere,Indonesia,Cookley,886004
45452,2/17/2022,gbowheyoj@google.com.au,Gorden,Bowhey,Wordware,El Salvador,Biodex,66671109
29447,2/18/2022,knysok@samsung.com,Kassie,Nys,Skibox,Afghanistan,Vagram,828548
12061,2/16/2022,zcripsol@delicious.com,Zack,Crips,Voolia,Guatemala,Lotlux,575343
03339,2/3/2022,pmatiashviliom@drupal.org,Phillida,Matiashvili,Yozio,China,Voltsillam,82455375
42643,2/8/2022,hmassingeron@mozilla.com,Hobard,Massinger,Brightbean,Venezuela,Overhold,177688
46610,2/10/2022,mredrupoo@twitter.com,Mickey,Redrup,Vidoo,Portugal,Cookley,85640681
72374,2/6/2022,jduhigop@nih.gov,Joellyn,Duhig,Topdrive,Indonesia,Kanlam,13609379
50864,2/22/2022,idominighioq@eepurl.com,Ivette,Dominighi,Zoomzone,Russia,Redhold,2984
90202,2/16/2022,wurienor@ucoz.ru,Wade,Urien,Dablist,Indonesia,Domainer,6227919041
82132,2/3/2022,mfaldoos@blog.com,Marius,Faldo,Twitterbeat,Brazil,Konklab,2014855511
63893,2/23/2022,mlumsdaineot@ucoz.com,Maureene,Lumsdaine,Kazio,Poland,Tres-Zap,27961399
68007,2/9/2022,ssheplandou@livejournal.com,Shirlene,Shepland,Agivu,China,Tin,1032744576
71090,2/8/2022,nepineov@vk.com,Nicol,Epine,Eazzy,Czech Republic,Stringtough,27321435
48870,2/22/2022,ksweynsonow@purevolume.com,Kelcy,Sweynson,Fatz,Russia,Aerified,7901877266
82960,2/12/2022,espiringox@unblog.fr,Ewen,Spiring,Yozio,China,Treeflex,2261
43872,2/18/2022,nwhitmoreoy@epa.gov,Natale,Whitmore,Devify,Syria,Holdlamis,02319180
12374,2/21/2022,ggooddingoz@uol.com.br,Genvieve,Goodding,Layo,Colombia,Lotlux,5210670854
47227,2/21/2022,drupertop0@opensource.org,Darb,Ruperto,Rooxo,Russia,Gembucket,0583136351
29063,2/6/2022,jmcskeaganp1@booking.com,Janina,McSkeagan,Trudeo,Poland,Konklab,06612352
64487,2/12/2022,lwhatep2@seattletimes.com,Lacey,Whate,Voolith,China,Bigtax,23852229
09561,2/4/2022,rmoylesp3@altervista.org,Rickey,Moyles,Jabbertype,Dominican Republic,Span,98944667
53677,2/1/2022,vmairsp4@geocities.com,Vernon,Mairs,Jabbersphere,Japan,Y-find,103405
29639,2/10/2022,fmarjotp5@is.gd,Farlee,Marjot,Agimba,Czech Republic,Sub-Ex,60121181
53765,2/12/2022,crozzellp6@businessinsider.com,Casar,Rozzell,Vitz,Brazil,Stringtough,571734
06734,2/19/2022,aschultzep7@hhs.gov,Amelie,Schultze,Riffwire,Ukraine,Voltsillam,31538089
26693,2/22/2022,bhuglep8@comcast.net,Brendin,Hugle,Twimm,Russia,Prodder,9549223898
70457,2/4/2022,mfarresp9@biglobe.ne.jp,Maryjo,Farres,Aimbo,China,Stringtough,65898907
03258,2/2/2022,jreysonpa@icq.com,Jennette,Reyson,Jazzy,Peru,Voyatouch,4776247060
96783,2/20/2022,eoverstreetpb@nhs.uk,Everard,Overstreet,Eayo,Russia,Duobam,64512208
24158,2/16/2022,flabinpc@about.com,Fifi,Labin,Jabbersphere,Indonesia,Vagram,05683724
23292,2/22/2022,rbausmannpd@icio.us,Rhiamon,Bausmann,Zazio,Sudan,Transcof,990408
07065,2/4/2022,wexallpe@sun.com,Wyatt,Exall,Zoonder,Indonesia,Cardguard,7395768351
46766,2/9/2022,vaddioniziopf@devhub.com,Vittorio,Addionizio,Devify,Brazil,Matsoft,13433297
65249,2/5/2022,skunzpg@ibm.com,Shanan,Kunz,Linktype,Philippines,Span,5360
99693,2/10/2022,wrosenthalerph@sphinn.com,Wilfred,Rosenthaler,Mynte,Greece,Veribet,38743346
47994,2/8/2022,edenmanpi@jiathis.com,Eziechiele,Denman,Browseblab,China,Bitwolf,933296
01684,2/9/2022,tlindholmpj@furl.net,Tait,Lindholm,Abata,Indonesia,Flexidy,1171661786
71687,2/18/2022,gdurnianpk@abc.net.au,Gard,Durnian,Dynazzy,Indonesia,Cardify,53178454
10410,2/10/2022,cminghellapl@symantec.com,Carlita,Minghella,Twitternation,Japan,Viva,942128600460
90868,2/13/2022,phumespm@mit.edu,Peter,Humes,Jabbertype,Russia,Temp,65541697
82601,2/10/2022,pcheatlepn@facebook.com,Paton,Cheatle,Oyoloo,Central African Republic,Prodder,253950
60480,2/14/2022,bailsburypo@tripadvisor.com,Brandon,Ailsbury,Tagcat,Vietnam,Namfix,02033554
56528,2/19/2022,qlehouxpp@mail.ru,Quentin,Le Houx,Jetwire,Portugal,Stim,5134144319
72221,2/23/2022,nsantorinipq@meetup.com,Natasha,Santorini,Fiveclub,Brazil,Tres-Zap,081919
47211,2/8/2022,dearthfieldpr@comsenz.com,Diana,Earthfield,Minyx,Poland,Tempsoft,504879
52887,2/14/2022,mwiddocksps@multiply.com,Margette,Widdocks,Kazio,Ireland,Namfix,83498037
28615,2/16/2022,slebrompt@slideshare.net,Sigrid,Le Brom,JumpXS,China,Job,069318
02430,2/8/2022,nschimankpu@jigsy.com,Nickolai,Schimank,Quimm,Canada,Fix San,6895
56717,2/21/2022,ecanlandpv@ihg.com,Eddie,Canland,Jabbercube,Philippines,Cookley,0102711653
41681,2/16/2022,ajacobowitzpw@github.com,Arnie,Jacobowitz,Mynte,Chile,Duobam,23897248
62861,2/14/2022,dpaschopx@facebook.com,Delcine,Pascho,Roodel,China,Trippledex,43116065
93092,2/22/2022,haubinpy@ca.gov,Hakeem,Aubin,Youspan,Venezuela,Job,78636623
66756,2/2/2022,zarmsdenpz@jiathis.com,Zebulen,Armsden,Devbug,Indonesia,Zoolab,8845024066
70917,2/1/2022,bvoffq0@scientificamerican.com,Bellina,Voff,Realpoint,Nicaragua,Pannier,6556185061
95222,2/11/2022,tjaimezq1@quantcast.com,Trueman,Jaimez,Demivee,Indonesia,Tin,46132717
06570,2/9/2022,cjumontq2@addthis.com,Clevey,Jumont,Cogibox,Mexico,Transcof,85179138
15169,2/16/2022,dselborneq3@sphinn.com,Dougie,Selborne,Cogidoo,Indonesia,Fintone,730366
45609,2/12/2022,bcurrumq4@apple.com,Bridgette,Currum,Aivee,Russia,Holdlamis,371467
95836,2/11/2022,ctunstallq5@imdb.com,Cello,Tunstall,Aimbu,China,Redhold,57118354
08431,2/22/2022,kbastonq6@yahoo.com,Kinsley,Baston,Edgetag,Macedonia,Redhold,899269134558
54878,2/6/2022,lcowndleyq7@zdnet.com,Laverne,Cowndley,Brainsphere,Ukraine,Sub-Ex,146688
66650,2/2/2022,shampeq8@php.net,Spenser,Hampe,Voonte,Cuba,Span,55460978
87600,2/7/2022,ghughsonq9@businesswire.com,Giraud,Hughson,Photofeed,Venezuela,Toughjoyfax,20970438
89588,2/20/2022,ckelingqa@rediff.com,Christy,Keling,Linktype,China,Konklux,7636509564
12002,2/1/2022,sleanqb@paypal.com,Stephani,Lean,Kare,Poland,Keylex,15144668
84631,2/9/2022,kseverwrightqc@intel.com,Kingsly,Severwright,Gigashots,Indonesia,Daltfresh,36089459
78744,2/20/2022,twysomeqd@time.com,Talbert,Wysome,Reallinks,Yemen,Zontrax,5295465421
71291,2/14/2022,cmaryanqe@delicious.com,Clayborn,Maryan,Twitterlist,China,Stronghold,403620
16731,2/21/2022,wdenneyqf@walmart.com,Willabella,Denney,Voolia,Malaysia,Y-Solowarm,11654721
65725,2/17/2022,gbernardiqg@ezinearticles.com,Germayne,Bernardi,Voonder,China,Konklux,783517
01363,2/15/2022,bwatermanqh@intel.com,Bellina,Waterman,Leexo,Poland,Konklab,4233839686
61836,2/20/2022,maddekinqi@goo.ne.jp,Melli,Addekin,Mita,Mexico,Pannier,59175368
79072,2/23/2022,jottiwillqj@yahoo.co.jp,Julio,Ottiwill,Skipfire,Palestinian Territory,Cookley,905215
03427,2/2/2022,gcharkhamqk@scientificamerican.com,Grannie,Charkham,Twitterbeat,China,Andalax,451818
99367,2/23/2022,kaudasql@smh.com.au,Katharyn,Audas,Lazz,China,Y-find,60906570
70569,2/7/2022,ecorzonqm@pen.io,Eleonora,Corzon,Muxo,Vietnam,Holdlamis,8101290193
03506,2/16/2022,oscoggansqn@mapy.cz,Orly,Scoggans,Wikibox,China,Cardify,552408
18362,2/20/2022,rsugarmanqo@oaic.gov.au,Rutter,Sugarman,Zoozzy,Thailand,Viva,882237
59603,2/6/2022,cdugueqp@posterous.com,Christoforo,Dugue,Edgepulse,China,Zaam-Dox,515246
25488,2/20/2022,moxleyqq@w3.org,Marlin,Oxley,Dabshots,China,Y-Solowarm,437784
69258,2/22/2022,mcratesqr@com.com,Melisent,Crates,Zoozzy,Malaysia,Transcof,33807107
55135,2/13/2022,acampanyqs@hc360.com,Agathe,Campany,Skivee,Cuba,Tres-Zap,1968649467
06689,2/8/2022,rcambellqt@flavors.me,Randall,Cambell,Wordpedia,China,Sonair,891570
89121,2/15/2022,btawnqu@liveinternet.ru,Beret,Tawn,Vipe,Czech Republic,Regrant,69988430
39707,2/19/2022,ssavinqv@google.com,Sherye,Savin,Vitz,South Africa,Sub-Ex,341118
70933,2/5/2022,rkobuqw@altervista.org,Reggis,Kobu,Fadeo,Russia,Kanlam,98577930
03015,2/11/2022,cblunkettqx@wikispaces.com,Che,Blunkett,Talane,Poland,Hatity,219712
59107,2/9/2022,rbeeswingqy@cdc.gov,Randa,Beeswing,Eadel,Philippines,Cardguard,30169431
71677,2/7/2022,fiacopettiqz@g.co,Fabiano,Iacopetti,Lazz,Vietnam,Matsoft,70663363
53954,2/18/2022,pclulowr0@hud.gov,Paulo,Clulow,Kazu,Portugal,Alpha,766510
58594,2/19/2022,cwattamr1@addthis.com,Cirstoforo,Wattam,Eimbee,Vietnam,Cookley,3845524480
00587,2/5/2022,iposselr2@nps.gov,Isabella,Possel,Jabbersphere,China,Job,669740954780
49558,2/10/2022,jpolesr3@redcross.org,Justus,Poles,Dynava,Brazil,Bigtax,1282003879
53232,2/22/2022,lfigger4@indiegogo.com,Leelah,Figge,Riffpedia,Indonesia,Span,24536767
46452,2/5/2022,tredpathr5@networkadvertising.org,Trudy,Redpath,Kwideo,Germany,Hatity,964383
85156,2/13/2022,jridder6@cnet.com,Jan,Ridde,Blognation,Ecuador,Ventosanzap,237655
45390,2/8/2022,aburrisr7@paginegialle.it,Allin,Burris,Viva,Brazil,Mat Lam Tam,9984199863
00244,2/19/2022,mdummettr8@google.com.au,Meredithe,Dummett,Jabbersphere,China,Vagram,9085
16796,2/19/2022,aelliotr9@aol.com,Allin,Elliot,Photobean,Russia,Andalax,83941610
02704,2/14/2022,rladellra@domainmarket.com,Ransell,Ladell,Quimba,Mexico,Cardify,499609
36468,2/9/2022,layshfordrb@zimbio.com,Llywellyn,Ayshford,Mita,Japan,Konklux,203475
32759,2/4/2022,zclaypoolrc@pagesperso-orange.fr,Zulema,Claypool,Trudoo,Portugal,Prodder,87802117
04204,2/13/2022,cleneyrd@reverbnation.com,Cammi,Leney,Linkbuzz,Poland,Bitwolf,02428025
41897,2/3/2022,fcairdre@about.com,Fenelia,Caird,Browsetype,Sweden,Cardguard,43731270
05826,2/19/2022,alindstromrf@list-manage.com,Ashly,Lindstrom,Mynte,Luxembourg,Zoolab,4268706859
87116,2/15/2022,lsummergillrg@pinterest.com,Luke,Summergill,Skiba,Sweden,Voyatouch,840290
84846,2/12/2022,ncaytonrh@mysql.com,Nanine,Cayton,Youopia,United States,Bigtax,89925438
51593,2/15/2022,nmoizerri@hatena.ne.jp,Nicko,Moizer,Skiba,Russia,Namfix,827527
89345,2/1/2022,akieffrj@usa.gov,Aubrette,Kieff,Photobug,Russia,Veribet,97465313
84422,2/17/2022,dbyartrk@biglobe.ne.jp,Daren,Byart,Oba,Colombia,Zamit,681157
26444,2/14/2022,mkervinrl@yelp.com,Masha,Kervin,Browsebug,Brazil,Domainer,67146325
96158,2/13/2022,ccaurahrm@salon.com,Cody,Caurah,Yabox,Russia,Regrant,4868
92716,2/22/2022,athreshrn@usgs.gov,Alison,Thresh,Blognation,Thailand,Duobam,40242860
40349,2/20/2022,bfostersmithro@paginegialle.it,Bartlett,Foster-Smith,Zoombox,France,Transcof,6267
57379,2/12/2022,smegaineyrp@yellowpages.com,Siusan,Megainey,Leenti,Finland,Cookley,8834485306
11311,2/18/2022,emccarlyrq@narod.ru,Esteban,McCarly,Buzzdog,Poland,Y-find,182487
76383,2/14/2022,tnicklessrr@sciencedirect.com,Tulley,Nickless,Skaboo,China,Cardguard,9294909464
